{
  "simulator": "Axion",
  "num_worlds": 4096,
  "median_time_ms": 348.6224627122283,
  "peak_gpu_mb": 558.6921796798706,
  "time_ms": [
    596.6721046715975,
    347.53479808568954,
    347.8810088708997,
    348.5089987516403,
    348.7359266728163
  ]
}