{
  "simulator": "Axion",
  "num_worlds": 2,
  "median_time_ms": 88.57506839558482,
  "peak_gpu_mb": 182.51437282562256,
  "time_ms": [
    343.1129325181246,
    91.4928475394845,
    88.6735413223505,
    88.72738294303417,
    88.42275384813547
  ]
}