{
  "simulator": "Axion",
  "num_worlds": 1,
  "median_time_ms": 87.46961457654834,
  "peak_gpu_mb": 182.4540491104126,
  "time_ms": [
    336.1592283472419,
    93.29963196069002,
    93.19311752915382,
    87.26177830249071,
    87.67745085060596
  ]
}