{
  "simulator": "Axion",
  "num_worlds": 256,
  "median_time_ms": 108.57923747971654,
  "peak_gpu_mb": 198.96379375457764,
  "time_ms": [
    362.0487814769149,
    116.4763867855072,
    108.57836343348026,
    108.55539236217737,
    108.6030825972557
  ]
}