{
  "simulator": "Axion",
  "num_worlds": 16384,
  "median_time_ms": 1173.8079134374857,
  "peak_gpu_mb": 1711.4656171798706,
  "time_ms": [
    1382.1319695562124,
    1169.5073638111353,
    1170.8623059093952,
    1173.0897659435868,
    1174.5260609313846
  ]
}