{
  "simulator": "Axion",
  "num_worlds": 8,
  "median_time_ms": 91.21805988252163,
  "peak_gpu_mb": 182.87631511688232,
  "time_ms": [
    346.86851128935814,
    105.39986100047827,
    93.89490634202957,
    91.3760494440794,
    91.06007032096386
  ]
}