{
  "simulator": "Axion",
  "num_worlds": 32,
  "median_time_ms": 95.57312959805131,
  "peak_gpu_mb": 184.3848752975464,
  "time_ms": [
    657.7897518873215,
    109.59370248019695,
    100.41375923901796,
    95.51022853702307,
    95.63603065907955
  ]
}