{
  "simulator": "Axion",
  "num_worlds": 32768,
  "median_time_ms": 2251.419376116246,
  "peak_gpu_mb": 3248.4968671798706,
  "time_ms": [
    2440.992929972708,
    2243.0082811042666,
    2248.6458718776703,
    2250.5539562553167,
    2252.2847959771752
  ]
}