{
  "simulator": "Axion",
  "num_worlds": 512,
  "median_time_ms": 117.55769560113549,
  "peak_gpu_mb": 222.4665937423706,
  "time_ms": [
    378.6225840449333,
    126.42321456223726,
    118.34910605102777,
    117.64529347419739,
    117.4700977280736
  ]
}