{
  "simulator": "Axion",
  "num_worlds": 128,
  "median_time_ms": 101.8888158723712,
  "peak_gpu_mb": 190.63298320770264,
  "time_ms": [
    357.81996697187424,
    109.09335967153311,
    101.7321702092886,
    101.8640948459506,
    101.91353689879179
  ]
}