{
  "simulator": "Axion",
  "num_worlds": 131072,
  "median_time_ms": 8728.359590750188,
  "peak_gpu_mb": 12470.68436717987,
  "time_ms": [
    8753.943507559597,
    8641.98515098542,
    8679.357486777008,
    8724.918064661324,
    8731.801116839051
  ]
}