{
  "simulator": "Axion",
  "num_worlds": 64,
  "median_time_ms": 102.38410113379359,
  "peak_gpu_mb": 186.46757793426514,
  "time_ms": [
    366.7238811030984,
    113.49852383136749,
    102.01678890734911,
    102.49732527881861,
    102.27087698876858
  ]
}