{
  "simulator": "Axion",
  "num_worlds": 4,
  "median_time_ms": 89.77206889539957,
  "peak_gpu_mb": 182.63502025604248,
  "time_ms": [
    341.77736286073923,
    92.37745963037014,
    89.21484183520079,
    89.85771145671606,
    89.68642633408308
  ]
}