{
  "simulator": "Axion",
  "num_worlds": 2048,
  "median_time_ms": 211.92379388958216,
  "peak_gpu_mb": 366.5632734298706,
  "time_ms": [
    477.4637324735522,
    210.4779239743948,
    210.961508564651,
    211.40894293785095,
    212.43864484131336
  ]
}