{
  "simulator": "Axion",
  "num_worlds": 8192,
  "median_time_ms": 627.5537060573697,
  "peak_gpu_mb": 942.9499921798706,
  "time_ms": [
    869.5778334513307,
    623.5031941905618,
    625.3486815840006,
    627.6972461491823,
    627.4101659655571
  ]
}