{
  "simulator": "Axion",
  "num_worlds": 65536,
  "median_time_ms": 4414.931800216436,
  "peak_gpu_mb": 6322.559367179871,
  "time_ms": [
    4563.823749311268,
    4376.855447888374,
    4396.5676240623,
    4414.154260419309,
    4415.709340013564
  ]
}