{
  "simulator": "Axion",
  "num_worlds": 16,
  "median_time_ms": 93.47384888678789,
  "peak_gpu_mb": 183.358904838562,
  "time_ms": [
    344.41912919282913,
    92.5487270578742,
    93.38924195617437,
    93.56740675866604,
    93.38029101490974
  ]
}