{
  "simulator": "Axion",
  "num_worlds": 1024,
  "median_time_ms": 142.785947304219,
  "peak_gpu_mb": 270.4988203048706,
  "time_ms": [
    406.21888544410467,
    152.45680045336485,
    142.65499264001846,
    142.7016444504261,
    142.8702501580119
  ]
}