{
  "simulator": "MJX-grad",
  "num_worlds": 4,
  "median_time_ms": 23379.895396064967,
  "peak_gpu_mb": 2056.596923828125,
  "peak_gpu_mb_nvml": 2.0,
  "peak_gpu_mb_nvml_absolute": 5932.6875,
  "time_ms": [
    23408.976837992668,
    23418.849335052073,
    23416.988983750343,
    23391.68587885797,
    23368.104913271964
  ]
}