{
  "simulator": "MJX-grad",
  "num_worlds": 8,
  "median_time_ms": 23300.09007640183,
  "peak_gpu_mb": 4112.778076171875,
  "peak_gpu_mb_nvml": 2.0,
  "peak_gpu_mb_nvml_absolute": 11308.6875,
  "time_ms": [
    23144.87607125193,
    23230.379143729806,
    23281.176179647446,
    23282.836992293596,
    23317.343160510063
  ]
}