{
  "simulator": "MJX-grad",
  "num_worlds": 2,
  "median_time_ms": 28087.124541401863,
  "peak_gpu_mb": 1234.422607421875,
  "time_ms": [
    28177.17427480966,
    27985.73336098343,
    28082.01818726957,
    28087.15355489403,
    28087.095527909696
  ]
}