{
  "simulator": "MJX-grad",
  "num_worlds": 16,
  "median_time_ms": 23905.20445210859,
  "peak_gpu_mb": 8225.123779296875,
  "peak_gpu_mb_nvml": 4.0,
  "peak_gpu_mb_nvml_absolute": 18906.6875,
  "time_ms": [
    23933.04360564798,
    23810.423905961215,
    24005.098751746118,
    23933.295357972383,
    23877.1135462448
  ]
}