{
  "simulator": "MJX-grad",
  "num_worlds": 16,
  "median_time_ms": 28506.252616643906,
  "peak_gpu_mb": 9872.491943359375,
  "time_ms": [
    28255.533127114177,
    28342.8210131824,
    28361.897945404053,
    28476.530429907143,
    28535.974803380668
  ]
}