{
  "simulator": "MJX-grad",
  "num_worlds": 8,
  "median_time_ms": 27807.077618781477,
  "peak_gpu_mb": 4936.447998046875,
  "time_ms": [
    28050.242031924427,
    27941.24477636069,
    27798.263237811625,
    27757.974389009178,
    27856.180848553777
  ]
}