{
  "simulator": "MJX-grad",
  "num_worlds": 1,
  "median_time_ms": 26365.79227959737,
  "peak_gpu_mb": 617.44921875,
  "time_ms": [
    26396.79993595928,
    26322.301813401282,
    26273.25273025781,
    26405.204256996512,
    26326.38030219823
  ]
}