{
  "simulator": "MJX-grad",
  "num_worlds": 4,
  "median_time_ms": 27804.026667959988,
  "peak_gpu_mb": 2468.42822265625,
  "time_ms": [
    27859.23278797418,
    27740.888042375445,
    27866.780002601445,
    27753.636037930846,
    27854.41729798913
  ]
}