{
  "simulator": "MJX-grad",
  "num_worlds": 2,
  "median_time_ms": 23163.645033258945,
  "peak_gpu_mb": 1028.503173828125,
  "peak_gpu_mb_nvml": 2.0,
  "peak_gpu_mb_nvml_absolute": 3372.6875,
  "time_ms": [
    23272.02581986785,
    23054.894741624594,
    23153.97835802287,
    23142.748745158315,
    23184.541321359575
  ]
}