{
  "simulator": "MJX-grad",
  "num_worlds": 1,
  "median_time_ms": 22254.60688956082,
  "peak_gpu_mb": 514.50048828125,
  "peak_gpu_mb_nvml": 2.0,
  "peak_gpu_mb_nvml_absolute": 2086.6875,
  "time_ms": [
    22114.841188304126,
    22360.724584199488,
    22273.857723921537,
    22111.254409886897,
    22397.95936923474
  ]
}