{
  "simulator": "Axion",
  "num_worlds": 4096,
  "median_time_ms": 915.600186213851,
  "peak_gpu_mb": 971.2860250473022,
  "time_ms": [
    1528.4221079200506,
    905.6149907410145,
    911.1268231645226,
    913.1348822265863,
    918.0654902011156
  ]
}