{
  "simulator": "MJX-grad",
  "num_worlds": 1,
  "median_time_ms": 24182.0114441216,
  "peak_gpu_mb": 1282.0,
  "time_ms": [
    24182.801581919193,
    24143.55351123959,
    24229.862108826637,
    24148.8921334967,
    24173.613674007356,
    24216.981085017323,
    24105.104012414813,
    24182.0114441216,
    24118.783256039023,
    24243.397722952068,
    24282.015411183238,
    24179.48689777404,
    24429.040571674705,
    24168.144227936864,
    24234.66961365193,
    24200.29440522194,
    24101.15279071033,
    24210.680632852018,
    24213.16592860967,
    24154.8492917791
  ]
}