{
  "simulator": "MJX-grad",
  "num_worlds": 4,
  "median_time_ms": 26267.93097052723,
  "peak_gpu_mb": 5122.0,
  "time_ms": [
    26241.290514357388,
    26442.974727600813,
    26269.46477033198,
    26316.02962501347,
    26236.01589165628,
    26324.854678474367,
    26419.716014526784,
    26267.93097052723,
    26367.832033894956,
    26255.582194775343,
    26224.294208921492,
    26380.500419065356,
    26251.71872973442,
    26191.21744018048,
    26370.058230124414,
    26250.791165977716,
    26279.168299399316,
    26236.06174159795,
    26230.881391093135,
    26474.840578623116
  ]
}