{
  "simulator": "Axion",
  "num_worlds": 32768,
  "median_time_ms": 5923.24742814526,
  "peak_gpu_mb": 6549.246962547302,
  "time_ms": [
    6413.466217927635,
    5860.262895934284,
    5888.624127022922,
    5902.371649630368,
    5944.1232066601515
  ]
}