{
  "simulator": "Axion",
  "num_worlds": 16,
  "median_time_ms": 239.78852108120918,
  "peak_gpu_mb": 184.248797416687,
  "time_ms": [
    857.5181672349572,
    240.10155256837606,
    239.23024162650108,
    238.90702240169048,
    240.67001976072788
  ]
}