{
  "simulator": "Axion",
  "num_worlds": 512,
  "median_time_ms": 307.01811937615275,
  "peak_gpu_mb": 274.04090785980225,
  "time_ms": [
    941.8265018612146,
    305.6144993752241,
    305.8598982170224,
    306.10878486186266,
    307.92745389044285
  ]
}