{
  "simulator": "Axion",
  "num_worlds": 1024,
  "median_time_ms": 375.1779939047992,
  "peak_gpu_mb": 373.64735317230225,
  "time_ms": [
    1019.2648405209184,
    373.5065218061209,
    373.74718114733696,
    374.02348779141903,
    376.3325000181794
  ]
}