{
  "simulator": "Axion",
  "num_worlds": 256,
  "median_time_ms": 281.5976864658296,
  "peak_gpu_mb": 224.23768520355225,
  "time_ms": [
    912.6320853829384,
    280.4364738985896,
    280.60929011553526,
    280.8119161054492,
    282.38345682621
  ]
}