{
  "simulator": "Axion",
  "num_worlds": 128,
  "median_time_ms": 264.79857275262475,
  "peak_gpu_mb": 199.33607387542725,
  "time_ms": [
    907.5134200975299,
    263.3081069216132,
    263.39802891016006,
    264.3428249284625,
    265.254320576787
  ]
}