{
  "simulator": "Axion",
  "num_worlds": 32,
  "median_time_ms": 245.71279576048255,
  "peak_gpu_mb": 186.1646604537964,
  "time_ms": [
    897.936555556953,
    246.72498181462288,
    246.02800328284502,
    245.79076748341322,
    245.63482403755188
  ]
}