{
  "simulator": "Axion",
  "num_worlds": 8,
  "median_time_ms": 235.41611712425947,
  "peak_gpu_mb": 183.32126140594482,
  "time_ms": [
    872.4991232156754,
    234.02326088398695,
    233.70989225804806,
    234.99408550560474,
    235.8381487429142
  ]
}