{
  "simulator": "Axion",
  "num_worlds": 64,
  "median_time_ms": 262.5097706913948,
  "peak_gpu_mb": 190.02714824676514,
  "time_ms": [
    886.010080575943,
    263.0535215139389,
    262.5250993296504,
    262.3190153390169,
    262.7005260437727
  ]
}