{
  "simulator": "MJX-grad",
  "num_worlds": 16,
  "median_time_ms": 26745.166233740747,
  "peak_gpu_mb": 18093.140625,
  "time_ms": [
    26729.08807452768,
    26955.62822651118,
    26835.028987377882,
    26754.406883381307,
    26735.925584100187
  ]
}