{
  "simulator": "Axion",
  "num_worlds": 16384,
  "median_time_ms": 3077.3953585885465,
  "peak_gpu_mb": 3361.8407125473022,
  "time_ms": [
    3606.8834494799376,
    3050.4415594041348,
    3060.056384652853,
    3065.065103583038,
    3089.725613594055
  ]
}