{
  "simulator": "Axion",
  "num_worlds": 1,
  "median_time_ms": 229.98878406360745,
  "peak_gpu_mb": 182.5096673965454,
  "time_ms": [
    843.6128096655011,
    229.58582174032927,
    229.40430883318186,
    229.52203173190355,
    230.45553639531136
  ]
}