{
  "simulator": "Axion",
  "num_worlds": 65536,
  "median_time_ms": 11613.052069209516,
  "peak_gpu_mb": 12924.059462547302,
  "time_ms": [
    12043.221239931881,
    11475.795243866742,
    11529.382282868028,
    11575.117856264114,
    11650.986282154918
  ]
}