{
  "simulator": "Axion",
  "num_worlds": 2048,
  "median_time_ms": 554.2717231437564,
  "peak_gpu_mb": 572.8602437973022,
  "time_ms": [
    1193.07164195925,
    551.079198718071,
    551.7050586640835,
    552.8572387993336,
    555.6862074881792
  ]
}