{
  "simulator": "Axion",
  "num_worlds": 8192,
  "median_time_ms": 1643.415245693177,
  "peak_gpu_mb": 1768.1375875473022,
  "time_ms": [
    2225.0849064439535,
    1630.9149032458663,
    1636.7807751521468,
    1637.8173464909196,
    1649.0131448954344
  ]
}