{
  "simulator": "MJX-grad",
  "num_worlds": 8,
  "median_time_ms": 26079.134493134916,
  "peak_gpu_mb": 10498.0,
  "time_ms": [
    26215.481780469418,
    26039.894024841487,
    26027.4293506518,
    26079.134493134916,
    26111.6455020383,
    26164.20794185251,
    26063.037065789104,
    26087.36060280353,
    25819.556831382215,
    26042.33547206968
  ]
}