{
  "simulator": "Axion",
  "num_worlds": 4,
  "median_time_ms": 230.4011764936149,
  "peak_gpu_mb": 182.85749340057373,
  "time_ms": [
    874.2862194776535,
    230.14392517507076,
    229.8228358849883,
    229.5090677216649,
    231.29328526556492
  ]
}