{
  "simulator": "Axion",
  "num_worlds": 2,
  "median_time_ms": 228.24987955391407,
  "peak_gpu_mb": 182.62560939788818,
  "time_ms": [
    866.614630445838,
    229.524290189147,
    229.39652763307095,
    228.2579494640231,
    228.24180964380503
  ]
}