{
  "simulator": "Axion",
  "problem": "ball_throw",
  "dt": 0.03,
  "T": 50,
  "iterations": [
    0,
    1,
    2,
    3,
    4,
    5,
    6,
    7,
    8,
    9,
    10,
    11,
    12,
    13,
    14
  ],
  "loss": [
    453.4787902832031,
    298.3515930175781,
    247.09127807617188,
    213.4209442138672,
    171.3187713623047,
    112.63573455810547,
    52.94511032104492,
    13.616312026977539,
    1.5510733127593994,
    0.10537806898355484,
    0.005490177311003208,
    0.00028599301003850996,
    1.4892874787619803e-05,
    7.718691108493658e-07,
    4.105649509256182e-08
  ],
  "time_ms": [
    482.66954599966994,
    49.972122000326635,
    43.07298799903947,
    40.309542000613874,
    37.03505799967388,
    34.04208200117864,
    29.80187400135037,
    24.295769000673317,
    23.0865140001697,
    22.23725700059731,
    21.161680999284727,
    21.112192000146024,
    21.133697999175638,
    21.09571499931917,
    21.161876000405755
  ]
}