{
  "simulator": "Brax",
  "problem": "ball_throw",
  "dt": 0.03,
  "T": 50,
  "iterations": [
    0,
    1,
    2,
    3,
    4,
    5,
    6,
    7,
    8,
    9,
    10,
    11,
    12,
    13,
    14,
    15,
    16,
    17,
    18,
    19,
    20,
    21,
    22,
    23,
    24,
    25,
    26,
    27,
    28,
    29,
    30,
    31,
    32,
    33,
    34,
    35,
    36,
    37,
    38,
    39,
    40,
    41,
    42,
    43,
    44,
    45,
    46,
    47,
    48,
    49
  ],
  "loss": [
    0.0007474845624528825,
    0.0007473337464034557,
    0.000747211801353842,
    0.0007471056305803359,
    0.0007469744887202978,
    0.000746827688999474,
    0.0007467294344678521,
    0.0007466209353879094,
    0.000746512261684984,
    0.0007463742513209581,
    0.0007462651701644063,
    0.0007461560890078545,
    0.0007460112101398408,
    0.0007458970067091286,
    0.0007457609171979129,
    0.0007456595776602626,
    0.0007455206359736621,
    0.0007453942089341581,
    0.000745301425922662,
    0.0007451832643710077,
    0.0007450387929566205,
    0.0007449047989211977,
    0.0007447941461578012,
    0.0007446855306625366,
    0.0007445640512742102,
    0.0007444282528012991,
    0.0007443196955136955,
    0.0007442004280164838,
    0.0007440928020514548,
    0.0007439589244313538,
    0.0007438333122991025,
    0.0007437033927999437,
    0.0007436139858327806,
    0.0007434880826622248,
    0.0007433666032738984,
    0.0007432359270751476,
    0.0007431306294165552,
    0.0007430085097439587,
    0.0007428654353134334,
    0.0007427687523886561,
    0.0007426179945468903,
    0.0007425015792250633,
    0.0007423885981552303,
    0.00074227643199265,
    0.0007421464542858303,
    0.0007420064066536725,
    0.0007419256144203246,
    0.0007417864981107414,
    0.0007416664739139378,
    0.0007415565196424723
  ],
  "time_ms": [
    41595.98699699927,
    138.9031620001333,
    131.77769699905184,
    142.65618099852873,
    124.83977400006552,
    123.65947199941729,
    136.8793410001672,
    125.65496699971845,
    133.67266100067354,
    130.38690100074746,
    133.71381300021312,
    132.67748200087226,
    167.06454300037876,
    130.24185599897464,
    136.28280200100562,
    132.47217900061514,
    134.48410500132013,
    125.47071100016183,
    125.16687999959686,
    123.28999000055774,
    122.97087300066778,
    123.6346540008526,
    135.05252700088022,
    130.9042810007668,
    135.58427700081666,
    152.99501400113513,
    136.2330279989692,
    137.01173099980224,
    134.1074470001331,
    134.98265300040657,
    133.23239800047304,
    133.44889000109106,
    137.47953199890617,
    134.38759299970116,
    135.89132700144546,
    135.0228089995653,
    134.83917000121437,
    130.77307399908022,
    147.01091200004157,
    130.72330400063947,
    131.88015399828146,
    135.3449409998575,
    147.042769998734,
    138.05346499975713,
    154.30867900067824,
    133.41575000049488,
    135.97985399974277,
    150.7193819998065,
    133.06401499903586,
    132.06499499938218
  ]
}