{
  "simulator": "diffarticulated",
  "problem": "ball_throw",
  "dt": 0.03,
  "T": 50,
  "iterations": [
    0,
    1,
    2,
    3,
    4,
    5,
    6,
    7,
    8,
    9,
    10,
    11,
    12,
    13,
    14,
    15,
    16,
    17,
    18,
    19,
    20,
    21,
    22,
    23,
    24,
    25,
    26,
    27,
    28,
    29
  ],
  "loss": [
    9.234702110290527,
    7.6876044273376465,
    6.406453609466553,
    5.34552526473999,
    4.466970443725586,
    3.7394394874572754,
    3.136990547180176,
    2.638084888458252,
    2.224947929382324,
    1.8828295469284058,
    1.5995230674743652,
    1.3649122714996338,
    1.1706254482269287,
    1.0097391605377197,
    0.8765172958374023,
    0.7661861181259155,
    0.6748267412185669,
    0.5991698503494263,
    0.5365192890167236,
    0.4846397638320923,
    0.44167569279670715,
    0.40610259771347046,
    0.37663841247558594,
    0.35224229097366333,
    0.33204028010368347,
    0.31530898809432983,
    0.30145561695098877,
    0.28998109698295593,
    0.28048160672187805,
    0.2726133167743683
  ],
  "time_ms": [
    4.874694999671192,
    3.7737659986305516,
    3.4255560003657592,
    3.4890919996541925,
    3.3761190006771358,
    3.3696150003379444,
    3.525853999235551,
    3.5343990002729697,
    3.426162998948712,
    3.4567229995445814,
    3.5950540004705545,
    3.5548710002331063,
    3.333209000629722,
    3.343229000165593,
    3.3414709996577585,
    3.4957669995492324,
    3.3606449997023446,
    3.3606390006752918,
    3.3497540007374482,
    3.484688000753522,
    3.4321479997743154,
    3.3793520015024114,
    3.379601999768056,
    3.6559020009008236,
    3.6419039988686563,
    3.437965000557597,
    3.3616910004639067,
    3.5401839995756745,
    3.399662000447279,
    3.4119869997084606
  ]
}