{
  "simulator": "Featherstone",
  "problem": "ball_throw",
  "dt": 0.005,
  "T": 300,
  "iterations": [
    0,
    1,
    2,
    3,
    4,
    5,
    6,
    7,
    8,
    9,
    10,
    11,
    12,
    13,
    14
  ],
  "loss": [
    0.0,
    0.0,
    0.0,
    0.0,
    0.0,
    0.0,
    0.0,
    0.0,
    0.0,
    0.0,
    0.0,
    0.0,
    0.0,
    0.0,
    0.0
  ],
  "time_ms": [
    630.1013459997193,
    1116.0340999995242,
    965.5573769996408,
    1191.1700010005006,
    1400.6215869994776,
    1638.2517439997173,
    1836.7756269999518,
    2046.3251450000826,
    2253.491967001537,
    2447.9375499995513,
    2676.9807990003756,
    2912.138657000469,
    3556.987822999872,
    3355.1977970000735,
    3569.028724999953
  ]
}