{
  "simulator": "Genesis",
  "problem": "ball_throw",
  "dt": 0.03,
  "T": 50,
  "iterations": [
    0,
    1,
    2,
    3,
    4,
    5,
    6,
    7,
    8,
    9,
    10,
    11,
    12,
    13,
    14,
    15,
    16,
    17,
    18,
    19,
    20,
    21,
    22,
    23,
    24,
    25,
    26,
    27,
    28,
    29,
    30,
    31,
    32,
    33,
    34,
    35,
    36,
    37,
    38,
    39,
    40,
    41,
    42,
    43,
    44,
    45,
    46,
    47,
    48,
    49
  ],
  "loss": [
    89.99998474121094,
    84.70121765136719,
    79.76925659179688,
    75.05572509765625,
    70.5146484375,
    66.12960052490234,
    61.89606475830078,
    57.815025329589844,
    53.89057159423828,
    50.12847137451172,
    46.53535842895508,
    43.118412017822266,
    39.885009765625,
    36.84232711791992,
    33.997276306152344,
    31.35620880126953,
    28.924663543701172,
    26.707183837890625,
    24.70699119567871,
    22.925569534301758,
    21.36250114440918,
    20.014694213867188,
    18.87605857849121,
    17.936941146850586,
    17.183246612548828,
    16.59588623046875,
    16.150272369384766,
    15.816040992736816,
    15.557294845581055,
    15.333904266357422,
    15.103727340698242,
    14.826539993286133,
    14.468668937683105,
    14.00759506225586,
    13.43572998046875,
    12.761578559875488,
    12.008572578430176,
    11.21135425567627,
    10.411847114562988,
    9.654943466186523,
    8.984953880310059,
    8.443670272827148,
    8.068855285644531,
    7.893579483032227,
    7.946381568908691,
    8.251169204711914,
    8.82745361328125,
    9.690868377685547,
    10.853336334228516,
    12.323301315307617
  ],
  "time_ms": [
    22431.068642001264,
    293.5958029993344,
    259.41805799993745,
    245.7429559999582,
    277.36283599915623,
    240.29535099907662,
    236.29478699876927,
    264.90820800063375,
    285.67867299898353,
    235.87060200043197,
    233.81798500122386,
    236.4420310004789,
    285.3439549999166,
    236.71172300055332,
    260.5757990004349,
    238.7005370001134,
    285.4393439993146,
    254.01643199984392,
    241.93959500007622,
    234.7135090003576,
    283.04393899998104,
    235.15470400161576,
    239.1887419998966,
    237.0481629986898,
    242.60755599971162,
    283.49506499944255,
    235.82185899977048,
    236.71062100038398,
    256.86427999971784,
    287.27218299900414,
    244.57290200007265,
    237.75247400044464,
    235.97149700071895,
    281.2561859991547,
    233.51069899945287,
    234.82146700007434,
    233.38869400140538,
    300.0775299988163,
    234.29169400151295,
    240.0386499994056,
    232.88105099891254,
    234.14753100041708,
    284.92531399933796,
    236.9020799997088,
    236.12376500022947,
    234.71850500027358,
    282.3438760005956,
    254.65035700108274,
    234.6320710003056,
    254.4192830009706
  ]
}