{
  "simulator": "MuJoCo-FD",
  "problem": "ball_throw",
  "dt": 0.03,
  "T": 50,
  "iterations": [
    0,
    1,
    2,
    3,
    4,
    5,
    6,
    7,
    8,
    9,
    10,
    11,
    12,
    13
  ],
  "loss": [
    470.95047082894763,
    214.2627525438872,
    97.92399344826657,
    13.431669744875094,
    2.419675063739602,
    0.7194954371981338,
    0.21394347194987892,
    0.0636165385169684,
    0.018916510680771707,
    0.005624863984927443,
    0.0016725650617903146,
    0.0004973407166600353,
    0.00014788530147313226,
    4.397400347637119e-05
  ],
  "time_ms": [
    6.5699400001904,
    6.275281999478466,
    5.966705999526312,
    5.834318999404786,
    5.734929000027478,
    5.710874998840154,
    5.695812000340084,
    5.72904699947685,
    5.751561000579386,
    5.6992360005097,
    5.695067000488052,
    5.827560999023262,
    6.028031999449013,
    5.810595001094043
  ]
}