{
  "simulator": "MJX-grad",
  "problem": "ball_throw",
  "dt": 0.03,
  "T": 50,
  "iterations": [
    0,
    1,
    2,
    3,
    4,
    5,
    6,
    7,
    8,
    9,
    10,
    11,
    12,
    13
  ],
  "loss": [
    470.9498596191406,
    214.26266479492188,
    97.92401885986328,
    13.431735038757324,
    2.419703483581543,
    0.7195063829421997,
    0.21394823491573334,
    0.06361817568540573,
    0.018917523324489594,
    0.0056243473663926125,
    0.0016717416001483798,
    0.0004970267764292657,
    0.00014782109064981341,
    4.398152668727562e-05
  ],
  "time_ms": [
    453.7121319990547,
    438.4872459995677,
    398.7186059985106,
    372.66269700012344,
    364.8021860008157,
    402.74822199899063,
    367.1690219998709,
    376.2977679998585,
    366.02230700009386,
    379.9077820003731,
    371.11949500103947,
    379.4079929994041,
    366.98745700050495,
    366.59939799938
  ]
}