{
  "simulator": "MJX-jacfwd",
  "problem": "ball_throw",
  "dt": 0.03,
  "T": 50,
  "iterations": [
    0,
    1,
    2,
    3,
    4,
    5,
    6,
    7,
    8,
    9,
    10,
    11,
    12,
    13
  ],
  "loss": [
    470.9498596191406,
    214.26266479492188,
    97.92788696289062,
    13.434282302856445,
    2.420379161834717,
    0.7197036743164062,
    0.2140047252178192,
    0.06363426148891449,
    0.018920913338661194,
    0.00562585424631834,
    0.0016726304311305285,
    0.0004973303293809295,
    0.00014797136827837676,
    4.4047978008165956e-05
  ],
  "time_ms": [
    109.97834800036799,
    86.25792599923443,
    81.2719149998884,
    71.23893899915856,
    69.13011500000721,
    68.97068199941714,
    68.55091499892296,
    68.5904580004717,
    69.2528300005506,
    71.6271709989087,
    69.15689599918551,
    68.49494600101025,
    69.37239199942269,
    69.58207500065328
  ]
}