{
  "simulator": "TinyDiffSim",
  "problem": "ball_throw",
  "dt": 0.03,
  "T": 50,
  "iterations": [
    0,
    1,
    2,
    3,
    4,
    5,
    6,
    7,
    8,
    9,
    10,
    11,
    12,
    13,
    14,
    15,
    16,
    17,
    18,
    19,
    20,
    21,
    22,
    23,
    24,
    25,
    26,
    27,
    28,
    29
  ],
  "loss": [
    24.07143599279479,
    23.498807163725424,
    22.939801553939446,
    22.366386245296784,
    21.774408087462756,
    21.16934730607874,
    20.521466195667674,
    19.827163519608337,
    19.085274620821718,
    17.908226284783584,
    17.21145443517402,
    16.460750776259736,
    15.647280158971416,
    14.80029236407141,
    13.92637940670263,
    12.804953235595887,
    11.978741299615866,
    11.117467180136865,
    10.24521042508774,
    9.382414843969524,
    8.415710909559067,
    7.647580287104485,
    6.880693562406066,
    6.148777393069068,
    5.375031570002285,
    4.7776865061861535,
    4.212319083092935,
    3.681588306489601,
    3.1961177472892968,
    2.712252790148649
  ],
  "time_ms": [
    9.628812000300968,
    8.159344000887359,
    7.799475000865641,
    7.840420001230086,
    7.9214930010493845,
    7.8889319993322715,
    7.815046999894548,
    7.803934999174089,
    7.845748001273023,
    7.8501719999621855,
    7.786658999975771,
    7.864790999519755,
    7.8230819999589585,
    7.907064999017166,
    7.76908099942375,
    7.792115999109228,
    7.843121000405517,
    7.89645099939662,
    7.796333000442246,
    7.85913000072469,
    8.284767000077409,
    8.133064999128692,
    7.826119001038023,
    7.892113999332651,
    7.928561999506201,
    7.838897001420264,
    7.794524000928504,
    7.923663000838133,
    8.678836000399315,
    7.818427000529482
  ]
}