{
  "simulator": "XPBD",
  "problem": "ball_throw",
  "dt": 0.03,
  "T": 50,
  "iterations": [
    0,
    1,
    2,
    3,
    4,
    5,
    6,
    7,
    8,
    9,
    10,
    11,
    12,
    13,
    14
  ],
  "loss": [
    441.8206481933594,
    441.8206481933594,
    441.8206481933594,
    441.8206481933594,
    441.8206481933594,
    441.8206481933594,
    441.8206481933594,
    441.8206481933594,
    441.8206481933594,
    441.8206481933594,
    441.8206481933594,
    441.8206481933594,
    441.8206481933594,
    441.8206481933594,
    441.8206481933594
  ],
  "time_ms": [
    1257.7675289994659,
    1342.3339139990276,
    1787.4399709999125,
    2754.967012000634,
    2756.995386000199,
    3208.4866679997504,
    3717.9422690005595,
    4694.386704000863,
    4570.363572000133,
    5012.302389999604,
    5473.557145998711,
    6677.158145999783,
    6478.292225001496,
    6982.193627000015,
    7442.733932999545
  ]
}