{
  "W": [
    [
      0.0,
      0.0,
      0.0
    ],
    [
      0.0,
      0.0,
      0.0
    ],
    [
      -0.019258223208637584,
      -0.019258223208637584,
      -0.01811633381653001
    ],
    [
      0.3997012709317524,
      -0.3997012709317524,
      0.0
    ],
    [
      3.0945578036325534,
      3.0945578036325534,
      3.1686667965926922
    ],
    [
      0.0,
      0.0,
      0.0
    ],
    [
      0.0,
      0.0,
      0.0
    ],
    [
      0.0,
      0.0,
      0.0
    ],
    [
      -0.01925822320863757,
      -0.01925822320863757,
      -0.018116333816529995
    ],
    [
      1.204355615930744,
      -1.204355615930744,
      0.0
    ],
    [
      2.581194731061859,
      2.581194731061859,
      2.5235384619419308
    ],
    [
      0.0,
      0.0,
      0.0
    ],
    [
      0.019258223208638015,
      0.019258223208638015,
      0.01811633381653044
    ]
  ],
  "rms": [
    1.020219073593974,
    1.0453790927941984,
    1.031628220199349
  ],
  "train_bags": [
    "helhest_2026_04_13-09_55_01",
    "helhest_2026_04_13-09_57_51"
  ]
}