{
  "W": [
    [
      0.0,
      0.0
    ],
    [
      4.440892098500626e-16,
      -3.1086244689504383e-15
    ],
    [
      -0.26805509861402244,
      -0.2682105857063819
    ],
    [
      -0.42922763545288284,
      2.472873887672311
    ],
    [
      1.308384162380302,
      -6.767563615973284
    ],
    [
      0.0,
      0.0
    ],
    [
      0.26805509861402355,
      0.26821058570636763
    ]
  ],
  "rms_vx": 0.12524604959148775,
  "rms_wz": 0.6411897186799446,
  "train_bags": [
    "helhest_2026_04_10-14_43_04",
    "helhest_2026_04_10-14_43_51",
    "helhest_2026_04_10-14_46_18",
    "helhest_2026_04_10-14_51_00",
    "helhest_2026_04_10-14_52_26",
    "helhest_2026_04_13-09_55_01",
    "helhest_2026_04_13-09_56_50",
    "helhest_2026_04_13-09_57_51"
  ]
}