{
  "simulator": "Axion",
  "ground_truth": "examples/comparison_accuracy/helhest/results/left_circle.json",
  "ground_truth_source": "real_robot",
  "target_ctrl_rad_s": [
    0.3699,
    1.4297,
    0.8995
  ],
  "fixed_params": {
    "dt": 0.15,
    "k_p": 4000.0
  },
  "best_params": {
    "mu": 0.2,
    "friction_compliance": 0.005
  },
  "best_error": 0.27903407392795115,
  "best_final_xy": [
    -0.16228650510311127,
    1.8867769241333008
  ],
  "best_trajectory": [
    [
      0.0,
      0.0
    ],
    [
      3.807246685028076e-06,
      3.070454113185406e-08
    ],
    [
      1.7017126083374023e-05,
      -1.3309181667864323e-07
    ],
    [
      1.0453164577484131e-05,
      -1.3769022189080715e-07
    ],
    [
      0.006904534995555878,
      5.7474884670227766e-05
    ],
    [
      0.05045654997229576,
      0.0006662424420937896
    ],
    [
      0.10991760343313217,
      0.002082379534840584
    ],
    [
      0.1738058179616928,
      0.004622648935765028
    ],
    [
      0.2326555848121643,
      0.009835716336965561
    ],
    [
      0.2936525344848633,
      0.018966708332300186
    ],
    [
      0.34983527660369873,
      0.028110608458518982
    ],
    [
      0.384581059217453,
      0.037900809198617935
    ],
    [
      0.4281938672065735,
      0.04974442720413208
    ],
    [
      0.4657428562641144,
      0.06604447960853577
    ],
    [
      0.5119038820266724,
      0.08595378696918488
    ],
    [
      0.5599112510681152,
      0.10997186601161957
    ],
    [
      0.601385235786438,
      0.1358157843351364
    ],
    [
      0.6407942175865173,
      0.16140253841876984
    ],
    [
      0.6810827851295471,
      0.1922406703233719
    ],
    [
      0.7247319221496582,
      0.23093369603157043
    ],
    [
      0.7635990381240845,
      0.2707884907722473
    ],
    [
      0.7978329062461853,
      0.31174951791763306
    ],
    [
      0.8294757008552551,
      0.3530520498752594
    ],
    [
      0.8579740524291992,
      0.3951185643672943
    ],
    [
      0.8867537975311279,
      0.44189009070396423
    ],
    [
      0.9133458733558655,
      0.49016642570495605
    ],
    [
      0.9371817111968994,
      0.5393446683883667
    ],
    [
      0.9570070505142212,
      0.5879600644111633
    ],
    [
      0.9749782681465149,
      0.6393808722496033
    ],
    [
      0.9884825944900513,
      0.6914196014404297
    ],
    [
      0.9991609454154968,
      0.7442446947097778
    ],
    [
      1.007568120956421,
      0.7967739701271057
    ],
    [
      1.0137089490890503,
      0.8490184545516968
    ],
    [
      1.0175111293792725,
      0.9009142518043518
    ],
    [
      1.0186513662338257,
      0.9534226655960083
    ],
    [
      1.0177712440490723,
      1.0041966438293457
    ],
    [
      1.013911485671997,
      1.055965542793274
    ],
    [
      1.0068440437316895,
      1.1091943979263306
    ],
    [
      0.9962469339370728,
      1.1629276275634766
    ],
    [
      0.9830437302589417,
      1.2200214862823486
    ],
    [
      0.9668236374855042,
      1.2707730531692505
    ],
    [
      0.9483957886695862,
      1.322280764579773
    ],
    [
      0.9267956018447876,
      1.3727580308914185
    ],
    [
      0.8996797204017639,
      1.4237416982650757
    ],
    [
      0.8717411160469055,
      1.4702991247177124
    ],
    [
      0.8413989543914795,
      1.5174293518066406
    ],
    [
      0.8084430694580078,
      1.5625481605529785
    ],
    [
      0.7743631601333618,
      1.6030014753341675
    ],
    [
      0.7377509474754333,
      1.6404186487197876
    ],
    [
      0.6988444924354553,
      1.6773886680603027
    ],
    [
      0.658820629119873,
      1.7121983766555786
    ],
    [
      0.6144312620162964,
      1.747247338294983
    ],
    [
      0.5716363787651062,
      1.7762864828109741
    ],
    [
      0.5318633913993835,
      1.8000049591064453
    ],
    [
      0.4899253249168396,
      1.8239420652389526
    ],
    [
      0.4490448832511902,
      1.8409314155578613
    ],
    [
      0.4045141935348511,
      1.8583871126174927
    ],
    [
      0.35585474967956543,
      1.8752810955047607
    ],
    [
      0.30939069390296936,
      1.8900686502456665
    ],
    [
      0.2575201988220215,
      1.9016213417053223
    ],
    [
      0.20553377270698547,
      1.9099186658859253
    ],
    [
      0.15411625802516937,
      1.9146461486816406
    ],
    [
      0.09859772771596909,
      1.917834758758545
    ],
    [
      0.04506939649581909,
      1.9195642471313477
    ],
    [
      -0.0012347698211669922,
      1.916235327720642
    ],
    [
      -0.05510883778333664,
      1.909736156463623
    ],
    [
      -0.10921171307563782,
      1.8998483419418335
    ],
    [
      -0.16228650510311127,
      1.8867769241333008
    ]
  ],
  "sweep_size": 35,
  "mu_values": [
    0.03,
    0.05,
    0.08,
    0.1,
    0.15,
    0.2,
    0.3
  ],
  "friction_compliance_values": [
    0.005,
    0.008,
    0.012,
    0.02,
    0.05
  ],
  "top_10": [
    {
      "error": 0.27903407392795115,
      "params": {
        "mu": 0.2,
        "friction_compliance": 0.005
      },
      "final_xy": [
        -0.16228650510311127,
        1.8867769241333008
      ]
    },
    {
      "error": 0.2816680803617952,
      "params": {
        "mu": 0.3,
        "friction_compliance": 0.005
      },
      "final_xy": [
        -0.28692618012428284,
        1.7007207870483398
      ]
    },
    {
      "error": 0.3053574621519103,
      "params": {
        "mu": 0.2,
        "friction_compliance": 0.008
      },
      "final_xy": [
        -0.3626853823661804,
        1.7059063911437988
      ]
    },
    {
      "error": 0.3076347810216782,
      "params": {
        "mu": 0.15,
        "friction_compliance": 0.005
      },
      "final_xy": [
        -0.3488205671310425,
        1.5022879838943481
      ]
    },
    {
      "error": 0.31765624862576836,
      "params": {
        "mu": 0.15,
        "friction_compliance": 0.008
      },
      "final_xy": [
        -0.362043559551239,
        1.3642123937606812
      ]
    },
    {
      "error": 0.33192849853484224,
      "params": {
        "mu": 0.2,
        "friction_compliance": 0.012
      },
      "final_xy": [
        -0.3886057138442993,
        1.2841471433639526
      ]
    },
    {
      "error": 0.3446763875046367,
      "params": {
        "mu": 0.3,
        "friction_compliance": 0.008
      },
      "final_xy": [
        -0.4082268476486206,
        1.2237683534622192
      ]
    },
    {
      "error": 0.34611459560123575,
      "params": {
        "mu": 0.15,
        "friction_compliance": 0.012
      },
      "final_xy": [
        -0.42763641476631165,
        1.2939705848693848
      ]
    },
    {
      "error": 0.3778521970069617,
      "params": {
        "mu": 0.3,
        "friction_compliance": 0.012
      },
      "final_xy": [
        -0.4428595304489136,
        1.0925755500793457
      ]
    },
    {
      "error": 0.3813977791554041,
      "params": {
        "mu": 0.15,
        "friction_compliance": 0.02
      },
      "final_xy": [
        -0.44015613198280334,
        1.0859787464141846
      ]
    }
  ],
  "all_results": [
    {
      "error": 0.27903407392795115,
      "params": {
        "mu": 0.2,
        "friction_compliance": 0.005
      },
      "final_xy": [
        -0.16228650510311127,
        1.8867769241333008
      ]
    },
    {
      "error": 0.2816680803617952,
      "params": {
        "mu": 0.3,
        "friction_compliance": 0.005
      },
      "final_xy": [
        -0.28692618012428284,
        1.7007207870483398
      ]
    },
    {
      "error": 0.3053574621519103,
      "params": {
        "mu": 0.2,
        "friction_compliance": 0.008
      },
      "final_xy": [
        -0.3626853823661804,
        1.7059063911437988
      ]
    },
    {
      "error": 0.3076347810216782,
      "params": {
        "mu": 0.15,