{
  "simulator": "Axion",
  "gradient_method": "adjoint",
  "dt": 0.125,
  "T": 16,
  "K": 10,
  "init_ctrl": [
    1.9282428306022465,
    0.956147139765763,
    1.5242377076201385
  ],
  "iterations": [
    0,
    1,
    2,
    3,
    4,
    5,
    6,
    7,
    8,
    9,
    10,
    11,
    12,
    13,
    14,
    15,
    16,
    17,
    18,
    19,
    20,
    21,
    22,
    23,
    24,
    25,
    26,
    27,
    28,
    29,
    30,
    31,
    32,
    33,
    34,
    35,
    36,
    37,
    38,
    39,
    40,
    41,
    42,
    43,
    44,
    45,
    46,
    47,
    48,
    49
  ],
  "loss": [
    4.538362979888916,
    4.004939079284668,
    3.573821783065796,
    3.204498529434204,
    2.899078130722046,
    2.6469688415527344,
    2.5009617805480957,
    2.4279544353485107,
    2.2874484062194824,
    2.1393134593963623,
    2.0298736095428467,
    1.9431674480438232,
    1.890950083732605,
    1.8400368690490723,
    1.8016600608825684,
    1.7872190475463867,
    1.767585277557373,
    1.7391544580459595,
    1.7199678421020508,
    1.687347173690796,
    1.6562039852142334,
    1.6296240091323853,
    1.624606966972351,
    1.6216261386871338,
    1.6191892623901367,
    1.6171205043792725,
    1.6162669658660889,
    1.6151732206344604,
    1.6139440536499023,
    1.6128002405166626,
    1.6120200157165527,
    1.611259937286377,
    1.6107265949249268,
    1.6100612878799438,
    1.6097650527954102,
    1.6094214916229248,
    1.6088577508926392,
    1.6085060834884644,
    1.6080156564712524,
    1.6078933477401733,
    1.607675313949585,
    1.6074190139770508,
    1.6071265935897827,
    1.6070911884307861,
    1.6068274974822998,
    1.6066735982894897,
    1.6065136194229126,
    1.6063257455825806,
    1.606160044670105,
    1.605976939201355
  ],
  "rmse_m": [
    0.5164780020713806,
    0.4615497589111328,
    0.4100944697856903,
    0.3656282126903534,
    0.3277856707572937,
    0.2931825816631317,
    0.26785969734191895,
    0.2599065899848938,
    0.2398558109998703,
    0.20500095188617706,
    0.17977729439735413,
    0.15910208225250244,
    0.14661681652069092,
    0.13085581362247467,
    0.11606230586767197,
    0.11275608837604523,
    0.10378323495388031,
    0.09579817950725555,
    0.08537468314170837,
    0.0684417262673378,
    0.0470556877553463,
    0.02853533811867237,
    0.020783230662345886,
    0.01743457093834877,
    0.017329934984445572,
    0.016217738389968872,
    0.014963865280151367,
    0.014148811809718609,
    0.013799828477203846,
    0.013547436334192753,
    0.01355649996548891,
    0.013570036739110947,
    0.01362855639308691,
    0.013477669097483158,
    0.013739088550209999,
    0.014282284304499626,
    0.014397187158465385,
    0.014520976692438126,
    0.014519622549414635,
    0.014750911854207516,
    0.01483167801052332,
    0.01477701123803854,
    0.014702912420034409,
    0.014960077591240406,
    0.015025639906525612,
    0.01508061308413744,
    0.015128055587410927,
    0.015212025493383408,
    0.015254874713718891,
    0.015314203687012196
  ],
  "time_ms": [
    810.1119734346867,
    143.3664709329605,
    140.69935958832502,
    140.48177283257246,
    140.17652347683907,
    140.10725170373917,
    139.77616000920534,
    139.71082773059607,
    139.78166040033102,
    139.98792693018913,
    139.8463137447834,
    139.69080802053213,
    139.60498571395874,
    139.34775814414024,
    139.38426785171032,
    139.16271179914474,
    139.07380867749453,
    139.06288892030716,
    138.91626521945,
    138.84427212178707,
    138.3392671123147,
    138.54934368282557,
    138.77585995942354,
    138.86110298335552,
    138.41077964752913,
    138.59211467206478,
    138.7993609532714,
    138.48647195845842,
    138.63924611359835,
    138.86454328894615,
    138.67909647524357,
    138.58914468437433,
    138.45063094049692,
    138.2976258173585,
    138.40502873063087,
    138.32600601017475,
    138.32771591842175,
    138.32590635865927,
    138.32869566977024,
    138.38639948517084,
    138.38192727416754,
    138.46154045313597,
    138.34798708558083,
    138.48328217864037,
    138.31729721277952,
    138.30884639173746,
    138.32454569637775,
    138.3369667455554,
    138.3341969922185,
    138.33333645015955
  ],
  "best_iters": [
    0,
    1,
    2,
    3,
    4,
    5,
    6,
    7,
    8,
    9,
    10,
    11,
    12,
    13,
    14,
    15,
    16,
    17,
    18,
    19,
    20,
    21,
    22,
    23,
    24,
    25,
    26,
    27,
    28,
    29,
    30,
    31,
    32,
    33,
    34,
    35,
    36,
    37,
    38,
    39,
    40,
    41,
    42,
    43,
    44,
    45,
    46,
    47,
    48,
    49
  ],
  "best_loss": 1.605976939201355
}