{
  "simulator": "Axion",
  "gradient_method": "adjoint",
  "dt": 0.08,
  "T": 115,
  "K": 10,
  "init_ctrl": [
    1.9282428306022465,
    0.956147139765763,
    1.5242377076201385
  ],
  "iterations": [
    0,
    1,
    2,
    3,
    4,
    5,
    6,
    7,
    8,
    9,
    10,
    11,
    12,
    13,
    14,
    15,
    16,
    17,
    18,
    19,
    20,
    21,
    22,
    23,
    24,
    25,
    26,
    27,
    28,
    29,
    30,
    31,
    32,
    33,
    34,
    35,
    36,
    37,
    38,
    39,
    40,
    41,
    42,
    43,
    44,
    45,
    46,
    47,
    48,
    49,
    50,
    51,
    52,
    53,
    54,
    55,
    56,
    57,
    58,
    59,
    60,
    61,
    62,
    63,
    64,
    65,
    66,
    67,
    68,
    69,
    70,
    71,
    72,
    73,
    74,
    75,
    76,
    77,
    78,
    79,
    80,
    81,
    82,
    83,
    84,
    85,
    86,
    87,
    88,
    89,
    90,
    91,
    92,
    93,
    94,
    95,
    96,
    97,
    98,
    99,
    100,
    101,
    102,
    103,
    104,
    105,
    106,
    107,
    108,
    109,
    110,
    111,
    112,
    113,
    114,
    115,
    116,
    117,
    118,
    119,
    120,
    121,
    122,
    123,
    124,
    125,
    126,
    127,
    128,
    129,
    130,
    131,
    132,
    133,
    134,
    135,
    136,
    137,
    138,
    139,
    140,
    141,
    142,
    143,
    144,
    145,
    146,
    147,
    148,
    149,
    150,
    151,
    152,
    153,
    154,
    155,
    156,
    157,
    158,
    159,
    160,
    161,
    162,
    163,
    164,
    165,
    166,
    167,
    168,
    169,
    170,
    171,
    172,
    173,
    174,
    175,
    176,
    177,
    178,
    179,
    180,
    181,
    182,
    183,
    184,
    185,
    186,
    187,
    188,
    189,
    190,
    191,
    192,
    193,
    194,
    195,
    196,
    197,
    198,
    199
  ],
  "loss": [
    8.810543060302734,
    8.042214393615723,
    7.2892560958862305,
    6.605472564697266,
    5.93439245223999,
    5.317496299743652,
    4.782895565032959,
    4.348999977111816,
    4.010825157165527,
    3.7658071517944336,
    3.5906589031219482,
    3.460362672805786,
    3.358224391937256,
    3.2673988342285156,
    3.180748462677002,
    3.095945119857788,
    3.0107650756835938,
    2.925992727279663,
    2.842975616455078,
    2.7614667415618896,
    2.682621955871582,
    2.606327533721924,
    2.533323287963867,
    2.4632327556610107,
    2.3963747024536133,
    2.3326306343078613,
    2.271450996398926,
    2.2124264240264893,
    2.1556954383850098,
    2.102144718170166,
    2.0507237911224365,
    2.0020546913146973,
    1.9557734727859497,
    1.911806344985962,
    1.8700278997421265,
    1.8299089670181274,
    1.791664719581604,
    1.755159854888916,
    1.719914197921753,
    1.6863034963607788,
    1.6544098854064941,
    1.6237375736236572,
    1.5943396091461182,
    1.5658693313598633,
    1.5388144254684448,
    1.5126609802246094,
    1.4859000444412231,
    1.4618663787841797,
    1.4391530752182007,
    1.4168052673339844,
    1.3955997228622437,
    1.3755697011947632,
    1.3555245399475098,
    1.3365124464035034,
    1.318693995475769,
    1.3007880449295044,
    1.2837843894958496,
    1.2675622701644897,
    1.2522928714752197,
    1.2372421026229858,
    1.2236251831054688,
    1.2101691961288452,
    1.1971278190612793,
    1.1845759153366089,
    1.1728967428207397,
    1.1615757942199707,
    1.1505863666534424,
    1.1401422023773193,
    1.129958152770996,
    1.1201980113983154,
    1.111209511756897,
    1.1028684377670288,
    1.0936334133148193,
    1.0857378244400024,
    1.077965497970581,
    1.0709887742996216,
    1.0631169080734253,
    1.0561482906341553,
    1.0489941835403442,
    1.0412328243255615,
    1.0353626012802124,
    1.028986930847168,
    1.0226589441299438,
    1.0163124799728394,
    1.010606288909912,
    1.0047838687896729,
    0.9997223019599915,
    0.9941747784614563,
    0.9887311458587646,
    0.9835548996925354,
    0.9788868427276611,
    0.9738761186599731,
    0.9686457514762878,
    0.9646834135055542,
    0.9602472186088562,
    0.9559916853904724,
    0.9518930315971375,
    0.9477105140686035,
    0.9436445832252502,
    0.9395313858985901,
    0.9355946779251099,
    0.9316849112510681,
    0.9282787442207336,
    0.9249448180198669,
    0.9214066863059998,
    0.9181900024414062,
    0.9150389432907104,
    0.9118009209632874,
    0.9087194800376892,
    0.9063946008682251,
    0.9037487506866455,
    0.9011107683181763,
    0.8987221121788025,
    0.8965591192245483,
    0.8944282531738281,
    0.8922696113586426,
    0.8906497955322266,
    0.8889748454093933,
    0.8873009085655212,
    0.8857879638671875,
    0.8839406371116638,
    0.8827899098396301,
    0.8809069991111755,
    0.8794391751289368,
    0.8783314824104309,
    0.8770344257354736,
    0.8757964372634888,
    0.8746228218078613,
    0.8722554445266724,
    0.8706917762756348,
    0.8698130249977112,
    0.8682945966720581,
    0.867876410484314,
    0.8669098019599915,
    0.866218626499176,
    0.8652434945106506,
    0.864941418170929,
    0.8637638688087463,
    0.8633132576942444,
    0.8627761602401733,
    0.8626593947410583,
    0.8619396090507507,
    0.8609164357185364,
    0.8601616621017456,
    0.8587230443954468,
    0.8582302331924438,
    0.8572913408279419,
    0.8563409447669983,
    0.8556398153305054,
    0.8551537394523621,
    0.8543762564659119,
    0.8533844351768494,
    0.8513110876083374,
    0.8505659103393555,
    0.8495257496833801,
    0.8492376804351807,
    0.8484862446784973,
    0.8475863337516785,
    0.8469973206520081,
    0.846640408039093,
    0.846253514289856,
    0.8456827998161316,
    0.845150351524353,
    0.8447628617286682,
    0.844829261302948,
    0.8441778421401978,
    0.8435367345809937,
    0.8426913619041443,
    0.841965913772583,
    0.8410020470619202,
    0.8403558135032654,
    0.8392126560211182,
    0.838658332824707,
    0.8395121097564697,
    0.8394626975059509,
    0.8379955291748047,
    0.8376295566558838,
    0.8373838067054749,
    0.8371744155883789,
    0.8366880416870117,
    0.8375019431114197,
    0.8362272381782532,
    0.8359051942825317,
    0.8356479406356812,
    0.8353314399719238,
    0.8350565433502197,
    0.8349508047103882,
    0.8350203633308411,
    0.8348668813705444,
    0.8347015380859375,
    0.8345503807067871,
    0.8343788981437683,
    0.8341278433799744,
    0.8339691758155823,
    0.833791196346283,
    0.8336487412452698,
    0.8336418271064758,
    0.8335734009742737,
    0.8334268927574158,
    0.8332688212394714
  ],