{
  "simulator": "Axion",
  "gradient_method": "adjoint",
  "dt": 0.125,
  "T": 16,
  "K": 10,
  "init_ctrl": [
    2.2604428306022464,
    2.152247139765763,
    2.2944377076201383
  ],
  "iterations": [
    0,
    1,
    2,
    3,
    4,
    5,
    6,
    7,
    8,
    9,
    10,
    11,
    12,
    13,
    14,
    15,
    16,
    17,
    18,
    19,
    20,
    21,
    22,
    23,
    24,
    25,
    26,
    27,
    28,
    29,
    30,
    31,
    32,
    33,
    34,
    35,
    36,
    37,
    38,
    39,
    40,
    41,
    42,
    43,
    44,
    45,
    46,
    47,
    48,
    49
  ],
  "loss": [
    1.6332876682281494,
    0.8392649292945862,
    0.4492526650428772,
    0.36906543374061584,
    0.3473854660987854,
    0.318733274936676,
    0.30132776498794556,
    0.2946210503578186,
    0.3296107053756714,
    0.2877611219882965,
    0.2709970772266388,
    0.2738502621650696,
    0.26753947138786316,
    0.2662131190299988,
    0.2627805173397064,
    0.26082339882850647,
    0.26031559705734253,
    0.25983908772468567,
    0.2599453628063202,
    0.2598273754119873,
    0.25910085439682007,
    0.25866392254829407,
    0.25710922479629517,
    0.256311297416687,
    0.25553613901138306,
    0.25442853569984436,
    0.2535979151725769,
    0.25287631154060364,
    0.25216275453567505,
    0.25136038661003113,
    0.2496662735939026,
    0.2428942322731018,
    0.2419024109840393,
    0.241624653339386,
    0.24115532636642456,
    0.24061250686645508,
    0.24013397097587585,
    0.23965930938720703,
    0.2394794076681137,
    0.23909655213356018,
    0.23890632390975952,
    0.23869648575782776,
    0.23847723007202148,
    0.23824581503868103,
    0.23806186020374298,
    0.23790492117404938,
    0.23770488798618317,
    0.23755024373531342,
    0.23739539086818695,
    0.2372249960899353
  ],
  "rmse_m": [
    0.3882851302623749,
    0.26693782210350037,
    0.17762069404125214,
    0.1480208933353424,
    0.13925988972187042,
    0.12963494658470154,
    0.12274327874183655,
    0.11628291755914688,
    0.12329450994729996,
    0.11208055168390274,
    0.11035920679569244,
    0.11102344840765,
    0.10923203080892563,
    0.10891728848218918,
    0.10728619992733002,
    0.10697592794895172,
    0.10694350302219391,
    0.1065770834684372,
    0.10667192935943604,
    0.10652647167444229,
    0.10634227097034454,
    0.10654371231794357,
    0.10619328171014786,
    0.10622039437294006,
    0.1061403900384903,
    0.1060146912932396,
    0.10583966225385666,
    0.10573738813400269,
    0.10566171258687973,
    0.10552051663398743,
    0.10524589568376541,
    0.10509154945611954,
    0.10515016317367554,
    0.10511068999767303,
    0.10499092191457748,
    0.1048513799905777,
    0.1047348752617836,
    0.10464607179164886,
    0.10460902005434036,
    0.1045401394367218,
    0.10450925678014755,
    0.10446348786354065,
    0.10440037399530411,
    0.10433746129274368,
    0.10430029034614563,
    0.10427649319171906,
    0.10421214252710342,
    0.10417845100164413,
    0.10414384305477142,
    0.10415180772542953
  ],
  "time_ms": [
    752.5951389980037,
    136.55136700253934,
    135.44425500003854,
    135.5278000010003,
    135.81562399849645,
    135.52303899996332,
    135.33651100078714,
    135.10264399883454,
    135.3728299982322,
    134.81474699801765,
    134.6818499987421,
    134.99761400089483,
    134.54581100086216,
    134.5268879995274,
    134.40964599794825,
    134.5698330005689,
    134.55392200194183,
    134.6114670013776,
    134.59784000224317,
    134.67445700007374,
    134.61525599996094,
    134.58638999873074,
    134.64068400207907,
    134.6543979998387,
    134.58721399729257,
    134.65244100007112,
    134.69520800208556,
    134.69974799954798,
    134.70811100341962,
    134.66056900142576,
    134.90717400054564,
    134.60175699947285,
    134.83541900131968,
    134.87445899954764,
    134.7991729999194,
    134.78826000209665,
    134.85275299899513,
    134.80355799765675,
    134.6540200029267,
    134.60161600232823,
    134.57728299908922,
    134.7425280000607,
    134.57159099925775,
    134.63545299964608,
    134.82745299916132,
    134.66936399709084,
    134.7033999991254,
    134.6252170005755,
    134.713854000438,
    134.77261700245435
  ],
  "best_iters": [
    0,
    1,
    2,
    3,
    4,
    5,
    6,
    7,
    9,
    10,
    12,
    13,
    14,
    15,
    16,
    17,
    19,
    20,
    21,
    22,
    23,
    24,
    25,
    26,
    27,
    28,
    29,
    30,
    31,
    32,
    33,
    34,
    35,
    36,
    37,
    38,
    39,
    40,
    41,
    42,
    43,
    44,
    45,
    46,
    47,
    48,
    49
  ],
  "best_loss": 0.2372249960899353
}