{
  "simulator": "MJX",
  "gradient_method": "jax.grad",
  "dt": 0.0015,
  "T": 1333,
  "K": 10,
  "num_trials": 3,
  "trials": [
    {
      "init_ctrl": [
        1.9282428306022465,
        0.956147139765763,
        1.5242377076201385
      ],
      "iterations": [
        0,
        1,
        2,
        3,
        4,
        5,
        6,
        7,
        8,
        9,
        10,
        11,
        12,
        13,
        14,
        15,
        16,
        17,
        18,
        19,
        20,
        21,
        22,
        23,
        24,
        25,
        26,
        27,
        28,
        29,
        30,
        31,
        32,
        33,
        34,
        35,
        36,
        37,
        38,
        39,
        40,
        41,
        42,
        43,
        44,
        45,
        46,
        47,
        48,
        49
      ],
      "loss": [
        3.9509408473968506,
        3.5842556953430176,
        3.2315804958343506,
        2.810072898864746,
        2.4631967544555664,
        2.184446334838867,
        1.906118631362915,
        1.729443073272705,
        1.5712676048278809,
        1.4664075374603271,
        1.4044678211212158,
        1.3407315015792847,
        1.3117871284484863,
        1.2860913276672363,
        1.250457525253296,
        1.2457958459854126,
        1.2431374788284302,
        1.2295676469802856,
        1.2441184520721436,
        1.2237316370010376,
        1.213914394378662,
        1.2061753273010254,
        1.2534403800964355,
        1.216793417930603,
        1.2092711925506592,
        1.1881872415542603,
        1.1997926235198975,
        1.190382719039917,
        1.1902810335159302,
        1.1818934679031372,
        1.200657844543457,
        1.2055962085723877,
        1.1930344104766846,
        1.1782747507095337,
        1.1911731958389282,
        1.1859856843948364,
        1.179236888885498,
        1.1788285970687866,
        1.1810927391052246,
        1.1716736555099487,
        1.1836681365966797,
        1.1909101009368896,
        1.1903741359710693,
        1.1894460916519165,
        1.1963977813720703,
        1.1843817234039307,
        1.199440360069275,
        1.1991838216781616,
        1.1911368370056152,
        1.1869137287139893
      ],
      "rmse_m": [
        0.49936097860336304,
        0.4582154452800751,
        0.41534268856048584,
        0.3741441071033478,
        0.3356211483478546,
        0.3011390268802643,
        0.2619897127151489,
        0.22021065652370453,
        0.1824503093957901,
        0.1644599735736847,
        0.13155516982078552,
        0.11344115436077118,
        0.11205872148275375,
        0.08896881341934204,
        0.07622416317462921,
        0.08200717717409134,
        0.06698987632989883,
        0.05769112706184387,
        0.07460454106330872,
        0.0659736841917038,
        0.05477285012602806,
        0.049362823367118835,
        0.05876244232058525,
        0.046107955276966095,
        0.04726805537939072,
        0.04631055146455765,
        0.05581016093492508,
        0.04438536614179611,
        0.04926031827926636,
        0.045660462230443954,
        0.04435090720653534,
        0.04246000945568085,
        0.05355425924062729,
        0.03720610961318016,
        0.04877879470586777,
        0.0478828139603138,
        0.05291349068284035,
        0.049439508467912674,
        0.05238872021436691,
        0.041411254554986954,
        0.05120300501585007,
        0.04359707236289978,
        0.039219342172145844,
        0.04580308869481087,
        0.04785482585430145,
        0.048538122326135635,
        0.04297768324613571,
        0.047071151435375214,
        0.04908985272049904,
        0.04375071078538895
      ],
      "time_ms": [
        105180.61483558267,
        104950.23323595524,
        105787.26333472878,
        105143.14416144043,
        103964.52459786087,
        103814.5795147866,
        102984.14042964578,
        101612.7121206373,
        102009.8991272971,
        100626.5226835385,
        100667.55034122616,
        99998.30324668437,
        100035.0772133097,
        99717.3630958423,
        99897.45795633644,
        99433.37384331971,
        98714.3824165687,
        99643.67997460067,
        99138.71004618704,
        99339.34817370027,
        99884.34037007391,
        100053.67529392242,
        98453.82198877633,
        100010.28008945286,
        99470.21872550249,
        99875.93166902661,
        99159.73679535091,
        99528.70314009488,
        99314.99573867768,
        98550.95130577683,
        98658.78530777991,
        98752.13976297528,
        97852.50922292471,
        97910.31209472567,
        98715.70244058967,
        98301.6393315047,
        98399.25852417946,
        98098.45387842506,
        98565.060229972,
        99961.74057666212,
        99104.12382520735,
        98369.79983560741,
        98571.33727800101,
        100039.819534868,
        98202.87070423365,
        97072.04466685653,
        96507.62540474534,
        97434.81544870883,
        98150.68674553186,
        97791.43518861383
      ],
      "best_iters": [
        0,
        1,
        2,
        3,
        4,
        5,
        6,
        7,
        8,
        9,
        10,
        11,
        12,
        13,
        14,
        15,
        16,
        17,
        19,
        20,
        21,
        25,
        29,
        33,
        39
      ],
      "best_loss": 1.1716736555099487,
      "seed": 42
    },
    {
      "init_ctrl": [
        1.8803799850689387,
        0.8021037134438678,
        1.3189993787882355
      ],
      "iterations": [
        0,
        1,
        2,
        3,
        4,
        5,
        6,
        7,
        8,
        9,
        10,
        11,
        12,
        13,
        14,
        15,
        16,
        17,
        18,
        19,
        20,
        21,
        22,
        23,
        24,
        25,
        26,
        27,
        28,
        29,
        30,
        31,
        32,
        33,
        34,
        35,
        36,
        37,
        38,
        39,
        40,
        41,
        42,
        43,
        44,
        45,
        46,
        47,
        48,
        49
      ],
      "loss": [
        3.7318408489227295,
        3.3691933155059814,
        3.01474928855896,
        2.7133355140686035,
        2.4209494590759277,
        2.1331088542938232,
        1.912243127822876,
        1.728106141090393,
        1.6556354761123657,
        1.4842545986175537,
        1.457785964012146,
        1.3930401802062988,
        1.3853459358215332,
        1.380003571510315,
        1.3347535133361816,
        1.2919690608978271,
        1.3222239017486572,
        1.3051241636276245,
        1.2769743204116821,
        1.2889578342437744,
        1.2844940423965454,
        1.2932865619659424,
        1.2737683057785034,
        1.2956836223602295,
        1.2947887182235718,
        1.2794222831726074,
        1.2452328205108643,
        1.2458139657974243,
        1.2253389358520508,
        1.2481975555419922,
        1.2315183877944946,
        1.2606128454208374,
        1.218227505683899,
        1.2321580648422241,
        1.2237104177474976,
        1.218640685081482,
        1.2256706953048706,
        1.2059024572372437,
        1.2175101041793823,
        1.2002097368240356,
        1.1959937810897827,
        1.195878028869629,
        1.202817440032959,
        1.2008253335952759,
        1.1912974119186401,
        1.19254732131958,
        1.1944177150726318,
        1.1969717741012573,
        1.195055365562439,
        1.1920744180679321
      ],