{
  "simulator": "MJX",
  "gradient_method": "jax.grad",
  "dt": 0.00125,
  "T": 1600,
  "K": 10,
  "init_ctrl": [
    1.9282428306022465,
    0.956147139765763,
    1.5242377076201385
  ],
  "iterations": [
    0,
    1,
    2,
    3,
    4,
    5,
    6,
    7,
    8,
    9,
    10,
    11,
    12,
    13,
    14,
    15,
    16,
    17,
    18,
    19,
    20,
    21,
    22,
    23,
    24,
    25,
    26,
    27,
    28,
    29,
    30,
    31,
    32,
    33,
    34,
    35,
    36,
    37,
    38,
    39,
    40,
    41,
    42,
    43,
    44,
    45,
    46,
    47,
    48,
    49
  ],
  "loss": [
    3.985351800918579,
    3.6118390560150146,
    3.2957611083984375,
    2.9668831825256348,
    2.6952199935913086,
    2.4233078956604004,
    2.2006125450134277,
    2.0071024894714355,
    1.8692551851272583,
    1.7163913249969482,
    1.6172250509262085,
    1.5165313482284546,
    1.4501700401306152,
    1.3985220193862915,
    1.3269888162612915,
    1.3240593671798706,
    1.2665842771530151,
    1.24435293674469,
    1.2362862825393677,
    1.2189830541610718,
    1.2193126678466797,
    1.2087866067886353,
    1.2081290483474731,
    1.198588490486145,
    1.1996140480041504,
    1.193108320236206,
    1.196906328201294,
    1.1892247200012207,
    1.196022391319275,
    1.1915550231933594,
    1.188325047492981,
    1.1935532093048096,
    1.1912379264831543,
    1.193923830986023,
    1.191212773323059,
    1.185535192489624,
    1.1829121112823486,
    1.1862492561340332,
    1.1919622421264648,
    1.1850559711456299,
    1.185649037361145,
    1.180445671081543,
    1.1809678077697754,
    1.1824485063552856,
    1.1827396154403687,
    1.181575894355774,
    1.1788580417633057,
    1.181260585784912,
    1.1815606355667114,
    1.1777154207229614
  ],
  "rmse_m": [
    0.5014854073524475,
    0.46011850237846375,
    0.4214423596858978,
    0.38458436727523804,
    0.35091903805732727,
    0.3159697651863098,
    0.2805452346801758,
    0.2549341917037964,
    0.2321639209985733,
    0.21225111186504364,
    0.19258549809455872,
    0.1704503446817398,
    0.14782629907131195,
    0.12942251563072205,
    0.10997281968593597,
    0.0921248272061348,
    0.08319488912820816,
    0.07015988975763321,
    0.05511923134326935,
    0.04561316594481468,
    0.04040085896849632,
    0.035076238214969635,
    0.04273166507482529,
    0.04405779018998146,
    0.03906074911355972,
    0.04116799682378769,
    0.041245974600315094,
    0.04257819429039955,
    0.0433209203183651,
    0.04326338320970535,
    0.043964702636003494,
    0.043841611593961716,
    0.044849738478660583,
    0.04454505071043968,
    0.04348398745059967,
    0.043306540697813034,
    0.04244369640946388,
    0.042331963777542114,
    0.04060175269842148,
    0.04062957689166069,
    0.038997747004032135,
    0.040239159017801285,
    0.03786855563521385,
    0.03976502642035484,
    0.03985706716775894,
    0.03907206654548645,
    0.0381622314453125,
    0.03873305767774582,
    0.03774506598711014,
    0.036419034004211426
  ],
  "time_ms": [
    124239.14662376046,
    124419.17734686285,
    124710.48451401293,
    124143.55442393571,
    123317.66670476645,
    123014.46706894785,
    124000.44276099652,
    123803.68256103247,
    122020.57259716094,
    121314.22062963247,
    121495.37319131196,
    121492.13314242661,
    119782.03397803009,
    119635.11121831834,
    120141.73338655382,
    119144.02488619089,
    119250.67363679409,
    118312.97127250582,
    118826.26165356487,
    119793.07095427066,
    120211.81043703109,
    119237.77319863439,
    120109.70478318632,
    120224.62867759168,
    119634.99495573342,
    119203.66986561567,
    119487.75553237647,
    120517.98984594643,
    120007.13142286986,
    119848.85146468878,
    119497.79394920915,
    118457.00238272548,
    119476.06911417097,
    118393.2511266321,
    118938.40002641082,
    118764.70762956887,
    119028.01377698779,
    119470.45625280589,
    119364.34934940189,
    118955.63957933336,
    119157.54396468401,
    120007.83527363092,
    119825.59527549893,
    119445.21699752659,
    119916.50172136724,
    119283.88064168394,
    119921.03875800967,
    119236.8359817192,
    119031.27628099173,
    120082.44024310261
  ],
  "best_iters": [
    0,
    1,
    2,
    3,
    4,
    5,
    6,
    7,
    8,
    9,
    10,
    11,
    12,
    13,
    14,
    15,
    16,
    17,
    18,
    19,
    21,
    22,
    23,
    25,
    27,
    30,
    35,
    36,
    41,
    46,
    49
  ],
  "best_loss": 1.1777154207229614
}