{
  "simulator": "Semi-Implicit",
  "gradient_method": "warp_tape",
  "dt": 0.0005,
  "T": 4000,
  "K": 10,
  "num_trials": 3,
  "trials": [
    {
      "init_ctrl": [
        1.9282428306022465,
        0.956147139765763,
        1.5242377076201385
      ],
      "iterations": [
        0,
        1,
        2,
        3,
        4,
        5,
        6,
        7,
        8,
        9,
        10,
        11,
        12,
        13,
        14,
        15,
        16,
        17,
        18,
        19,
        20,
        21,
        22,
        23,
        24,
        25,
        26,
        27,
        28,
        29,
        30,
        31,
        32,
        33,
        34,
        35,
        36,
        37,
        38,
        39,
        40,
        41,
        42,
        43,
        44,
        45,
        46,
        47,
        48,
        49
      ],
      "loss": [
        4.147339820861816,
        4.144382476806641,
        4.128740310668945,
        4.1272759437561035,
        4.12885046005249,
        4.129800319671631,
        4.127023220062256,
        4.124786376953125,
        4.120955944061279,
        4.124208927154541,
        4.15690279006958,
        4.155430793762207,
        4.153916358947754,
        4.154200077056885,
        4.131216049194336,
        4.134058475494385,
        4.134284019470215,
        4.133981227874756,
        4.13358211517334,
        4.133156776428223,
        4.132742404937744,
        4.132317543029785,
        4.131919860839844,
        4.131527423858643,
        4.131128787994385,
        4.13076114654541,
        4.130392551422119,
        4.130040645599365,
        4.129709720611572,
        4.129271030426025,
        4.12882661819458,
        4.1284098625183105,
        4.128007411956787,
        4.127625942230225,
        4.127274036407471,
        4.126938819885254,
        4.126626968383789,
        4.126338958740234,
        4.12608003616333,
        4.125828266143799,
        4.125606060028076,
        4.1253886222839355,
        4.12518310546875,
        4.124996185302734,
        4.124837398529053,
        4.124669075012207,
        4.124504566192627,
        4.1243672370910645,
        4.124230861663818,
        4.124091625213623
      ],
      "rmse_m": [
        0.5284291680614503,
        0.5274955296446096,
        0.524664632476863,
        0.523237035769713,
        0.5218049305590479,
        0.5206462816564944,
        0.5197597035442918,
        0.5186805448784217,
        0.5176822577615774,
        0.5150744573683526,
        0.5167899431532784,
        0.5166282678981818,
        0.5165170799250511,
        0.5173888630002913,
        0.5138590746337489,
        0.5137836234207814,
        0.5137446070420235,
        0.5137112375134083,
        0.5136799202801222,
        0.5136486882977679,
        0.5136182655709884,
        0.5135879100812698,
        0.5135586632651776,
        0.5135296344611382,
        0.5135011506104096,
        0.5134740134195502,
        0.5134475608060018,
        0.5134221791091624,
        0.5133980246627523,
        0.5133660930350592,
        0.5133337709874708,
        0.5133034458605819,
        0.5132740418222026,
        0.5132466021002292,
        0.5132207675935354,
        0.5131959572827406,
        0.5131733910957356,
        0.5131521510977151,
        0.5131329381880948,
        0.5131150493053965,
        0.5130980362734443,
        0.5130830181248971,
        0.5130679895384583,
        0.5130547322458898,
        0.5130423549751384,
        0.5130302718163603,
        0.5130187116683333,
        0.5130081152494329,
        0.5129979772934651,
        0.5129883222666792
      ],
      "time_ms": [
        10226.288456469774,
        10119.011675938964,
        9745.882108807564,
        9722.49162197113,
        9769.260937348008,
        9706.644491292536,
        10308.333717286587,
        9860.123653896153,
        10369.525167159736,
        9795.027440413833,
        10510.662382468581,
        9939.49990812689,
        9891.130906529725,
        10534.186317585409,
        10178.48824430257,
        10678.468441590667,
        10146.075957454741,
        10195.87675947696,
        10722.577406093478,
        10356.159524060786,
        10853.886334225535,
        10080.422854050994,
        10359.304735437036,
        10845.167363062501,
        10280.86874820292,
        10231.975824572146,
        11070.620918646455,
        10395.952825434506,
        10303.092616610229,
        11146.603036671877,
        10375.087654218078,
        10380.350858904421,
        11254.765345714986,
        10441.107450053096,
        10417.42207761854,
        11398.935278877616,
        10509.395849891007,
        10597.131019458175,
        11539.576801471412,
        10575.315045192838,
        10589.56040814519,
        11590.821211226285,
        10682.191209867597,
        10845.779036171734,
        10847.634356468916,
        11638.149285688996,
        10789.802274666727,
        10807.792919687927,
        11739.84356969595,
        10843.962435610592
      ],
      "best_iters": [
        0,
        1,
        2,
        3,
        6,
        7,
        8
      ],
      "best_loss": 4.120955944061279,
      "seed": 42
    },
    {
      "init_ctrl": [
        1.8803799850689387,
        0.8021037134438678,
        1.3189993787882355
      ],
      "iterations": [
        0,
        1,
        2,
        3,
        4,
        5,
        6,
        7,
        8,
        9,
        10,
        11,
        12,
        13,
        14,
        15,
        16,
        17,
        18,
        19,
        20,
        21,
        22,
        23,
        24,
        25,
        26,
        27,
        28,
        29,
        30,
        31,
        32,
        33,
        34,
        35,
        36,
        37,
        38,
        39,
        40,
        41,
        42,
        43,
        44,
        45,
        46,
        47,
        48,
        49
      ],
      "loss": [
        3.896681308746338,
        3.887843370437622,
        3.8837432861328125,
        3.8817200660705566,
        3.8834989070892334,
        3.885490894317627,
        3.8877029418945312,
        3.888873815536499,
        3.8905932903289795,
        3.8919506072998047,
        3.8938450813293457,
        3.8953475952148438,
        3.8974547386169434,
        3.8997597694396973,
        3.9025673866271973,
        3.9053592681884766,
        3.9096975326538086,
        3.915588617324829,
        3.9296836853027344,
        3.9651665687561035,
        3.9320130348205566,
        3.9442851543426514,
        3.97159743309021,
        3.976337432861328,
        3.976630926132202,
        3.9757320880889893,
        3.9754445552825928,
        3.974254608154297,
        3.973694086074829,
        3.9731812477111816,
        3.9728567600250244,
        3.9720888137817383,
        3.9714813232421875,
        3.970958948135376,
        3.9705731868743896,
        3.970075845718384,
        3.969489336013794,
        3.969017744064331,
        3.9685990810394287,
        3.968219041824341,
        3.9678874015808105,
        3.9675681591033936,
        3.9672820568084717,
        3.9670164585113525,
        3.966768264770508,
        3.966550588607788,
        3.9665215015411377,
        3.966226577758789,
        3.965986490249634,
        3.9657719135284424
      ],