{
  "simulator": "Semi-Implicit",
  "gradient_method": "warp_tape",
  "dt": 0.0005,
  "T": 4000,
  "K": 10,
  "init_ctrl": [
    1.9282428306022465,
    0.956147139765763,
    1.5242377076201385
  ],
  "iterations": [
    0,
    1,
    2,
    3,
    4,
    5,
    6,
    7,
    8,
    9,
    10,
    11,
    12,
    13,
    14,
    15,
    16,
    17,
    18,
    19,
    20,
    21,
    22,
    23,
    24,
    25,
    26,
    27,
    28,
    29,
    30,
    31,
    32,
    33,
    34,
    35,
    36,
    37,
    38,
    39,
    40,
    41,
    42,
    43,
    44,
    45,
    46,
    47,
    48,
    49
  ],
  "loss": [
    4.147339820861816,
    4.116606712341309,
    4.10687255859375,
    4.11806583404541,
    4.139646530151367,
    4.161685466766357,
    4.182525634765625,
    4.202189922332764,
    4.219594955444336,
    4.2356648445129395,
    4.249945640563965,
    4.262683868408203,
    4.2737250328063965,
    4.302305698394775,
    4.3086323738098145,
    4.317789554595947,
    4.3258538246154785,
    4.333086967468262,
    4.3562493324279785,
    4.363062858581543,
    4.368687152862549,
    4.373720645904541,
    4.378057479858398,
    4.381275653839111,
    4.384342670440674,
    4.386906147003174,
    4.3890299797058105,
    4.390893459320068,
    4.392907619476318,
    4.394373416900635,
    4.395318984985352,
    4.396358966827393,
    4.397268295288086,
    4.3980512619018555,
    4.398704528808594,
    4.399054527282715,
    4.399491310119629,
    4.399880409240723,
    4.400214195251465,
    4.400483131408691,
    4.400713920593262,
    4.4009013175964355,
    4.401049613952637,
    4.401184558868408,
    4.401295185089111,
    4.401376724243164,
    4.401464462280273,
    4.40152645111084,
    4.401581287384033,
    4.40162467956543
  ],
  "rmse_m": [
    0.5284291680614503,
    0.52060877910055,
    0.5153260659786567,
    0.510591869002162,
    0.5081686532245576,
    0.506149459229676,
    0.504532849800478,
    0.5032413738125484,
    0.5020560609596069,
    0.5011029110444253,
    0.5002066763335645,
    0.4994050115902977,
    0.4986778392540035,
    0.5018832728454004,
    0.5017192871681095,
    0.5014633401241512,
    0.5012307687752922,
    0.5009815525935969,
    0.5037770495225928,
    0.5037857742779699,
    0.5036665495335024,
    0.5036306730498226,
    0.5035440343309205,
    0.5034163924967583,
    0.5033161782561577,
    0.5032437269101121,
    0.5031681234854629,
    0.5031164901625266,
    0.503079468504209,
    0.5030511765318348,
    0.5029910792685253,
    0.5029417254591174,
    0.5029211930738534,
    0.5029036124888986,
    0.5028902079867874,
    0.5028491875932743,
    0.5028374462923614,
    0.5028278749640234,
    0.5028100424130842,
    0.5028018669551629,
    0.5027953765078389,
    0.5027899828957814,
    0.5027853027750278,
    0.5027812418786136,
    0.5027778918285196,
    0.5027745388087088,
    0.5027730969189784,
    0.502770008355117,
    0.5027686780214611,
    0.5027671103351216
  ],
  "time_ms": [
    10118.307652883232,
    10188.091473653913,
    9703.741719014943,
    9667.308084666729,
    10259.537699632347,
    9773.99080991745,
    10412.048160098493,
    9896.663598716259,
    10515.100509859622,
    9882.317199371755,
    10610.689956694841,
    9892.337193712592,
    9930.986636318266,
    10599.22847431153,
    9951.034066267312,
    10656.385254114866,
    10051.007356494665,
    10063.311376608908,
    10855.048649944365,
    10148.620198480785,
    10831.660523079336,
    10285.903796553612,
    10335.128924809396,
    10984.055413864553,
    10278.811619617045,
    10235.611666925251,
    10950.677797198296,
    10326.843562535942,
    11110.103501938283,
    10329.716705717146,
    10377.478056587279,
    11221.750234253705,
    10422.43239749223,
    10557.118270546198,
    11353.299497626722,
    10570.328800007701,
    10546.536440961063,
    10634.8793534562,
    11557.504649274051,
    10732.179001905024,
    10696.290045976639,
    11541.95230267942,
    10695.365079678595,
    10700.167339295149,
    11692.29190889746,
    10776.558998040855,
    10794.085048139095,
    11781.235681846738,
    10899.262011051178,
    10837.347171269357
  ],
  "best_iters": [
    0,
    1,
    2
  ],
  "best_loss": 4.10687255859375
}