{
  "simulator": "TinyDiffSim",
  "gradient_method": "CppAD",
  "dt": 0.002,
  "T": 1000,
  "K": 10,
  "init_ctrl": [
    1.9282428306022465,
    0.956147139765763,
    1.5242377076201385
  ],
  "iterations": [
    0,
    1,
    2,
    3,
    4,
    5,
    6,
    7,
    8,
    9,
    10,
    11,
    12,
    13,
    14,
    15,
    16,
    17,
    18,
    19,
    20,
    21,
    22,
    23,
    24,
    25,
    26,
    27,
    28,
    29,
    30,
    31,
    32,
    33,
    34,
    35,
    36,
    37,
    38,
    39,
    40,
    41,
    42,
    43,
    44,
    45,
    46,
    47,
    48,
    49
  ],
  "loss": [
    3.3024473106880405,
    2.828919414157676,
    2.407459348539111,
    2.0598144503442763,
    1.7722783324000626,
    1.539527673237661,
    1.3770247076897428,
    1.2787089764015473,
    1.229734499171188,
    1.2041832159318064,
    1.1895832538893578,
    1.1787658928917375,
    1.1621500062789658,
    1.1440428367112139,
    1.1282121534387735,
    1.115862249850037,
    1.1046769179964169,
    1.0943069196087662,
    1.0846729925003455,
    1.0757012683496077,
    1.0673155104454,
    1.0594270608939456,
    1.0519993511803745,
    1.0454086174648687,
    1.039605630350399,
    1.0344819887385608,
    1.029964764325912,
    1.0258539923156669,
    1.0220946229986714,
    1.018657680012148,
    1.0155206907855823,
    1.0126642539456967,
    1.010061101605537,
    1.007679503544682,
    1.0055068749938083,
    1.0035332250565057,
    1.001733992292005,
    1.0000961916446127,
    0.9986121598912772,
    0.9972650554356695,
    0.996041487749989,
    0.9949270661438269,
    0.9939166947080823,
    0.9929801069055859,
    0.9921285819312456,
    0.9913319947029936,
    0.9905988714168679,
    0.9899006707180357,
    0.9892312744781147,
    0.9885860930074316
  ],
  "rmse_m": [
    0.45130704380208897,
    0.39290573501917975,
    0.3341586698844975,
    0.2800337457513525,
    0.2308761593236704,
    0.18204038266664413,
    0.13375824016203844,
    0.09271241450091922,
    0.06522923269727171,
    0.0466240887383525,
    0.033609578419580746,
    0.024939167129465787,
    0.018757338505858607,
    0.01567842994245865,
    0.015059784397991773,
    0.014836558551847014,
    0.014592140922537519,
    0.014281721824318456,
    0.013918025574123466,
    0.013517651714971827,
    0.013108069716972799,
    0.012714024654416423,
    0.012340258849987018,
    0.011986290607082768,
    0.011644003699177499,
    0.011339762400447673,
    0.011085483776264157,
    0.010864351009220462,
    0.01065730040360577,
    0.010466523537383397,
    0.010296422151768373,
    0.01013847088846474,
    0.009994131067832606,
    0.009867731552691161,
    0.009752942244263808,
    0.009648072504797526,
    0.009551602463467635,
    0.009463402135637492,
    0.009383243785658782,
    0.009309845929516412,
    0.009243562221101613,
    0.009182972199911701,
    0.00912699912371403,
    0.009077493596829236,
    0.009029684486485244,
    0.008987185534731526,
    0.008945062897273546,
    0.008905406917389167,
    0.008869210907731854,
    0.008831804164528279
  ],
  "time_ms": [
    2152.935903519392,
    2048.3484491705894,
    2071.7745879665017,
    2105.993175879121,
    2113.902388140559,
    2093.1162256747484,
    2098.7502513453364,
    2091.833340935409,
    2109.575499780476,
    2122.8061579167843,
    2114.977496676147,
    2122.3514517769217,
    2097.227495163679,
    2110.3101586923003,
    2123.420954681933,
    2103.843742981553,
    2097.0855075865984,
    2108.338321559131,
    2124.362693168223,
    2094.462050125003,
    2134.9347634240985,
    2127.7982564643025,
    2117.4719417467713,
    2113.850380294025,
    2066.295873373747,
    2118.1202633306384,
    2070.3592067584395,
    2113.6997351422906,
    2064.8445459082723,
    2130.7909432798624,
    2101.6352958977222,
    2064.3541710451245,
    2086.181993596256,
    2121.938849799335,
    2065.623374655843,
    2117.4990544095635,
    2122.675374150276,
    2102.269330061972,
    2070.9559628739953,
    2128.3258041366935,
    2097.1818026155233,
    2120.494374074042,
    2071.9294184818864,
    2108.2577910274267,
    2070.938046090305,
    2124.6769865974784,
    2065.2646208181977,
    2127.7864892035723,
    2076.614899560809,
    2092.638410627842
  ],
  "best_iters": [
    0,
    1,
    2,
    3,
    4,
    5,
    6,
    7,
    8,
    9,
    10,
    11,
    12,
    13,
    14,
    15,
    16,
    17,
    18,
    19,
    20,
    21,
    22,
    23,
    24,
    25,
    26,
    27,
    28,
    29,
    30,
    31,
    32,
    33,
    34,
    35,
    36,
    37,
    38,
    39,
    40,
    41,
    42,
    43,
    44,
    45,
    46,
    47,
    48,
    49
  ],
  "best_loss": 0.9885860930074316
}