{
  "simulator": "TinyDiffSim",
  "gradient_method": "CppAD",
  "dt": 0.001,
  "T": 9200,
  "K": 10,
  "init_ctrl": [
    1.9282428306022465,
    0.956147139765763,
    1.5242377076201385
  ],
  "iterations": [
    0,
    1,
    2,
    3,
    4,
    5,
    6,
    7,
    8,
    9,
    10,
    11,
    12,
    13,
    14,
    15,
    16,
    17,
    18,
    19,
    20,
    21,
    22,
    23,
    24,
    25,
    26,
    27,
    28,
    29,
    30,
    31,
    32,
    33,
    34,
    35,
    36,
    37,
    38,
    39,
    40,
    41,
    42,
    43,
    44,
    45,
    46,
    47,
    48,
    49,
    50,
    51,
    52,
    53,
    54,
    55,
    56,
    57,
    58,
    59,
    60,
    61,
    62,
    63,
    64,
    65,
    66,
    67,
    68,
    69,
    70,
    71,
    72,
    73,
    74,
    75,
    76,
    77,
    78,
    79,
    80,
    81,
    82,
    83,
    84,
    85,
    86,
    87,
    88,
    89,
    90,
    91,
    92,
    93,
    94,
    95,
    96,
    97,
    98,
    99,
    100,
    101,
    102,
    103,
    104,
    105,
    106,
    107,
    108,
    109,
    110,
    111,
    112,
    113,
    114,
    115,
    116,
    117,
    118,
    119,
    120,
    121,
    122,
    123,
    124,
    125,
    126,
    127,
    128,
    129,
    130,
    131,
    132,
    133,
    134,
    135,
    136,
    137,
    138,
    139,
    140,
    141,
    142,
    143,
    144,
    145,
    146,
    147,
    148,
    149,
    150,
    151,
    152,
    153,
    154,
    155,
    156,
    157,
    158,
    159,
    160,
    161,
    162,
    163,
    164,
    165,
    166,
    167,
    168,
    169,
    170,
    171,
    172,
    173,
    174,
    175,
    176,
    177,
    178,
    179,
    180,
    181,
    182,
    183,
    184,
    185,
    186,
    187,
    188,
    189,
    190,
    191,
    192,
    193,
    194,
    195,
    196,
    197,
    198,
    199
  ],
  "loss": [
    13.001025287235596,
    12.577004544122339,
    12.168534293984562,
    11.757318705230515,
    11.362455713055049,
    10.967164611656873,
    10.60516336620823,
    10.22727004991951,
    9.88274087480393,
    9.526254472868397,
    9.203302533087319,
    8.885463108876314,
    8.574510350981871,
    8.284830078164314,
    8.005315234024577,
    7.748589783769663,
    7.504441805178764,
    7.273816194175119,
    7.0666060931659365,
    6.873722664558169,
    6.695928090958749,
    6.534294529066819,
    6.389827254946368,
    6.256804303723431,
    6.149393730041799,
    6.054918501285497,
    5.979393005013559,
    5.912375844651559,
    5.864613565059437,
    5.830702714230902,
    5.810014653195192,
    5.801625008212976,
    5.801141403040672,
    5.808214221453279,
    5.824824964839743,
    5.847036683156033,
    5.8761223567634335,
    5.906110914110472,
    5.9384585799118605,
    5.972186969851987,
    6.0063064667790735,
    6.0398914881295,
    6.070725607407589,
    6.099607461384206,
    6.124654008628792,
    6.14772943955316,
    6.166091338156301,
    6.1795798683716425,
    6.190048885581884,
    6.196346700808915,
    6.198485890093201,
    6.197483951707482,
    6.192537914053768,
    6.183765685428043,
    6.172344928959422,
    6.159431241583171,
    6.143366703296512,
    6.126312087444602,
    6.107507455453793,
    6.087077493040885,
    6.066285599998949,
    6.045324716954476,
    6.023174259355535,
    6.001090880803367,
    5.97916490699137,
    5.958705931587417,
    5.937330353861494,
    5.917586461248764,
    5.89687442898819,
    5.877837431993182,
    5.860551394705236,
    5.842190806999538,
    5.8255675705309455,
    5.80922337788566,
    5.7946229732712995,
    5.780259031263652,
    5.76607947815675,
    5.753623630406637,
    5.741307843970891,
    5.730725521995552,
    5.718576703495621,
    5.709788816781785,
    5.69937758058242,
    5.690674126354935,
    5.681995132481279,
    5.6750359977823015,
    5.666362432000082,
    5.659406641835405,
    5.652467751674477,
    5.647244644867348,
    5.640319800017116,
    5.63511602585408,
    5.62993252694396,
    5.624763656489865,
    5.619616925680283,
    5.614507605737015,
    5.611125611094423,
    5.606076046029865,
    5.601095139847529,
    5.59781837620205,
    5.592949732273244,
    5.589775773733688,
    5.586671786562902,
    5.581956554736104,
    5.578952898474466,
    5.574371499784362,
    5.571479874541673,
    5.567036753183042,
    5.5642652214274975,
    5.559958243103354,
    5.55731379782492,
    5.553135960145073,
    5.549041644742051,
    5.546581584554113,
    5.542612394239871,
    5.538718989470479,
    5.5348979824652895,
    5.531147313102798,
    5.529013644928927,
    5.525388914666038,
    5.521830181790679,
    5.518337218292293,
    5.514910879403909,
    5.510021538219985,
    5.506729365562718,
    5.503505406328155,
    5.500350258770651,
    5.4972661108710446,
    5.492740974061006,
    5.489781588137624,
    5.486895659464883,
    5.482580075889137,
    5.479819957060477,
    5.4771395697978,
    5.473016366956143,
    5.470461283322981,
    5.466477748859972,
    5.464051008242499,
    5.460201176706028,
    5.457903423014782,
    5.454184072693714,
    5.452015478656185,
    5.448422548098834,
    5.4463850873254325,
    5.442913833169632,
    5.439522042680369,
    5.437656699175084,
    5.434384310475179,
    5.43264944648409,
    5.429489878681312,
    5.426403125242953,
    5.424838547732888,
    5.421860637730749,
    5.418950421536614,
    5.4175537260874504,
    5.414748248150852,
    5.412006091842117,
    5.4107736402871724,
    5.408129433204381,
    5.4055457313225785,
    5.404473434532828,
    5.401980516319229,
    5.399545001830897,
    5.39862572159,
    5.396273797683416,
    5.393977220704941,
    5.391732563124882,
    5.390984276108308,
    5.388816466310075,
    5.386697584461543,
    5.3846252318159875,
    5.384036895153866,
    5.382032840098698,
    5.380071532463707,
    5.378150729642784,
    5.377707884723873,
    5.375845062407329,
    5.3740198798094525,
    5.372229672864762,
    5.3719162676135355,
    5.370172338663941,
    5.368460078720206,
    5.366777593306599,
    5.365122695230293,
    5.364927809995715,
    5.3633070121897894,
    5.361710329137975,
    5.360135179591771,
    5.35857988030696,
    5.358472774973072,
    5.35693691279434,
    5.355416866487314,
    5.353910758405048,
    5.352416844714909,
    5.3523635510802325,
    5.350873278777357,
    5.349390781886969,
    5.34791447082964,
    5.346442253100537,
    5.346403980897191
  ],