{
  "simulator": "MuJoCo-FD",
  "problem": "ball_throw",
  "dt": 0.03,
  "T": 50,
  "iterations": [
    0,
    1,
    2,
    3,
    4,
    5,
    6,
    7,
    8,
    9,
    10,
    11,
    12,
    13
  ],
  "loss": [
    470.95047082894763,
    214.2627525438872,
    97.92399344826657,
    13.431669744875094,
    2.419675063739602,
    0.7194954371981338,
    0.21394347194987892,
    0.0636165385169684,
    0.018916510680771707,
    0.005624863984927443,
    0.0016725650617903146,
    0.0004973407166600353,
    0.00014788530147313226,
    4.397400347637119e-05
  ],
  "time_ms": [
    10.341126999264816,
    9.379916999023408,
    8.849447996908566,
    7.551946000603493,
    5.6701599969528615,
    5.716392999602249,
    5.724804999772459,
    5.689521000022069,
    5.756177997682244,
    5.732867000915576,
    5.67464000050677,
    5.7027480033866595,
    5.692875998647651,
    5.66766900010407
  ]
}