{
  "simulator": "Dojo",
  "problem": "ball_throw",
  "dt": 0.03,
  "T": 50,
  "iterations": [0, 1, 2, 3, 4, 5, 6, 7, 8, 9, 10, 11, 12, 13, 14],
  "loss": [467.1839307155028, 268.2695879415311, 248.2305672120584, 232.49516355047996, 208.60820830776245, 169.89261911444962, 101.3819828865768, 25.090676531928892, 0.10596436588452662, 0.031382916969577956, 0.008379386947137302, 0.0024951035437833814, 0.0007441076524365243, 0.0002210291347038666, 6.564584633688282e-5],
  "time_ms": [44.77286338806152, 36.69404983520508, 24.710893630981445, 32.84811973571777, 29.865026473999023, 21.329879760742188, 29.134035110473633, 23.810863494873047, 38.4368896484375, 42.922019958496094, 21.696090698242188, 30.992984771728516, 24.595022201538086, 41.78905487060547, 45.49813270568848]
}
