{
  "simulator": "MJX-grad",
  "problem": "ball_throw",
  "dt": 0.03,
  "T": 50,
  "iterations": [
    0,
    1,
    2,
    3,
    4,
    5,
    6,
    7,
    8,
    9,
    10,
    11
  ],
  "loss": [
    470.9498596191406,
    324.3561096191406,
    215.90333557128906,
    153.4574432373047,
    105.6236801147461,
    55.0307502746582,
    16.242101669311523,
    2.447941303253174,
    0.17898651957511902,
    0.009251548908650875,
    0.00047825087676756084,
    2.469583341735415e-05
  ],
  "time_ms": [
    470.1709050000318,
    460.5897390001701,
    446.7476769998484,
    432.5431600000229,
    416.9339019999825,
    391.5001550001307,
    409.57080799989853,
    396.7128540000431,
    379.1358900000432,
    380.23161999990407,
    382.89793499984626,
    382.3551589998715
  ]
}