{
  "simulator": "MJX-jacfwd",
  "problem": "ball_throw",
  "dt": 0.03,
  "T": 50,
  "iterations": [
    0,
    1,
    2,
    3,
    4,
    5,
    6,
    7,
    8,
    9,
    10,
    11,
    12,
    13
  ],
  "loss": [
    470.9498596191406,
    214.26266479492188,
    97.92788696289062,
    13.434282302856445,
    2.420379161834717,
    0.7197036743164062,
    0.2140047252178192,
    0.06363426148891449,
    0.018920913338661194,
    0.00562585424631834,
    0.0016726304311305285,
    0.0004973303293809295,
    0.00014797136827837676,
    4.4047978008165956e-05
  ],
  "time_ms": [
    110.37259499971697,
    92.87189099995885,
    82.49686399994971,
    69.75936700018792,
    69.14157600022008,
    68.48582399970837,
    68.4818700001415,
    68.48113499972897,
    68.41167299990047,
    75.95286700006909,
    68.36876599982133,
    68.65240199977052,
    68.4617580000122,
    68.38840499995058
  ]
}