{
  "simulator": "Axion",
  "problem": "ball_throw",
  "dt": 0.03,
  "T": 50,
  "iterations": [
    0,
    1,
    2,
    3,
    4,
    5,
    6,
    7,
    8,
    9,
    10,
    11,
    12,
    13,
    14
  ],
  "loss": [
    453.4787902832031,
    298.3515930175781,
    247.09127807617188,
    213.4209442138672,
    171.3187713623047,
    112.63573455810547,
    52.94511032104492,
    13.616312026977539,
    1.5510733127593994,
    0.10537806898355484,
    0.005490177311003208,
    0.00028599301003850996,
    1.4892874787619803e-05,
    7.718691108493658e-07,
    4.105649509256182e-08
  ],
  "time_ms": [
    476.6149040005985,
    50.44097900099587,
    45.417172001180006,
    42.62611699959962,
    39.19576600310393,
    35.98310500092339,
    29.35630600040895,
    24.403040002653142,
    23.570063000079244,
    22.702278998622205,
    21.612540000205627,
    21.617764999973588,
    21.582354998827213,
    21.595705999061465,
    21.59517900145147
  ]
}