{
  "simulator": "Genesis",
  "problem": "ball_throw",
  "dt": 0.03,
  "T": 50,
  "iterations": [
    0,
    1,
    2,
    3,
    4,
    5,
    6,
    7,
    8,
    9,
    10,
    11,
    12,
    13,
    14,
    15,
    16,
    17,
    18,
    19,
    20,
    21,
    22,
    23,
    24,
    25,
    26,
    27,
    28,
    29,
    30,
    31,
    32,
    33,
    34,
    35,
    36,
    37,
    38,
    39,
    40,
    41,
    42,
    43,
    44,
    45,
    46,
    47,
    48,
    49
  ],
  "loss": [
    89.99998474121094,
    84.70121765136719,
    79.76925659179688,
    75.05572509765625,
    70.5146484375,
    66.12960052490234,
    61.89606475830078,
    57.815025329589844,
    53.89057159423828,
    50.12847137451172,
    46.53535842895508,
    43.118412017822266,
    39.885009765625,
    36.84232711791992,
    33.997276306152344,
    31.35620880126953,
    28.924663543701172,
    26.707183837890625,
    24.70699119567871,
    22.925569534301758,
    21.36250114440918,
    20.014694213867188,
    18.87605857849121,
    17.936941146850586,
    17.183246612548828,
    16.59588623046875,
    16.150272369384766,
    15.816040992736816,
    15.557294845581055,
    15.333904266357422,
    15.103727340698242,
    14.826539993286133,
    14.468668937683105,
    14.00759506225586,
    13.43572998046875,
    12.761578559875488,
    12.008572578430176,
    11.21135425567627,
    10.411847114562988,
    9.654943466186523,
    8.984953880310059,
    8.443670272827148,
    8.068855285644531,
    7.893579483032227,
    7.946381568908691,
    8.251169204711914,
    8.82745361328125,
    9.690868377685547,
    10.853336334228516,
    12.323301315307617
  ],
  "time_ms": [
    11987.081511000724,
    207.97551699797623,
    201.5925320010865,
    201.62848400286748,
    199.68256300126086,
    267.4159520029207,
    205.49763300004997,
    202.33855100013898,
    197.62103500033845,
    198.42174800214707,
    266.88939399900846,
    220.34115600035875,
    201.87431500016828,
    195.74875499893096,
    194.2036319996987,
    273.0089550022967,
    212.48176000153762,
    202.58353099779924,
    203.70202499907464,
    206.46376100194175,
    271.0364449994813,
    207.7708069991786,
    218.98345999943558,
    202.44619499862893,
    273.1141390031553,
    202.07452599788667,
    200.05680300164386,
    199.86694299950614,
    198.62347600064822,
    249.49552599719027,
    222.59553199910442,
    201.2146080014645,
    224.21826099889586,
    214.10718900006032,
    273.01941699988674,
    200.29831799911335,
    201.1591390000831,
    203.89486600106466,
    203.31671999883838,
    273.3662469981937,
    207.1886350022396,
    205.11237000027904,
    201.68509100039955,
    208.9550650016463,
    269.82379099717946,
    200.7154820021242,
    203.12034499875153,
    201.1675580033625,
    198.50918900192482,
    269.31488599802833
  ]
}