{
  "simulator": "Nimble",
  "problem": "ball_throw",
  "dt": 0.03,
  "T": 50,
  "iterations": [
    0,
    1,
    2,
    3,
    4,
    5,
    6,
    7,
    8,
    9
  ],
  "loss": [
    1545.300000000001,
    1004.4449999999999,
    698.2471799212265,
    428.90021694608237,
    275.92444193124555,
    80.23769251550434,
    0.06502555980796586,
    0.0033610423329610674,
    0.00017372564380399135,
    8.979534166795687e-06
  ],
  "time_ms": [
    3.320285999961925,
    2.8050380001332087,
    3.1132039998738037,
    3.217893000055483,
    2.759881000201858,
    2.994170999954804,
    2.846780000254512,
    2.859222000097361,
    2.777128999696288,
    2.7819679999083746
  ]
}