{
  "simulator": "MJX",
  "problem": "ball_throw",
  "dt": 0.03,
  "T": 50,
  "iterations": [
    0,
    1,
    2,
    3,
    4,
    5,
    6,
    7,
    8,
    9,
    10,
    11,
    12,
    13
  ],
  "loss": [
    470.94989013671875,
    214.26260375976562,
    97.92788696289062,
    13.434282302856445,
    2.420379161834717,
    0.7197036743164062,
    0.2140047252178192,
    0.06363426148891449,
    0.018920913338661194,
    0.00562585424631834,
    0.0016726304311305285,
    0.0004973303293809295,
    0.00014797136827837676,
    4.4047978008165956e-05
  ],
  "time_ms": [
    70.95843299975968,
    62.811676998535404,
    54.64942499747849,
    42.81965699919965,
    40.53321500032325,
    38.63543899933575,
    35.376419000385795,
    33.5492880003585,
    33.57577700080583,
    35.57244599869591,
    35.18321799856494,
    32.71535100066103,
    33.330000998830656,
    33.102047000284074
  ]
}