{
  "simulator": "Dojo",
  "problem": "curling_box",
  "dt": 0.03,
  "T": 66,
  "iterations": [0, 1, 2, 3, 4, 5, 6, 7, 8, 9, 10, 11, 12, 13, 14, 15, 16, 17, 18, 19, 20, 21, 22, 23, 24, 25, 26, 27, 28, 29],
  "loss": [118.39439806390602, 97.21240830119606, 75.33124165437187, 54.083974555145936, 34.78344082718546, 18.710445096788096, 7.044659385687494, 0.8120159590034292, 0.31178195216104326, 0.13793347731095992, 0.05562297584340127, 0.024151602593686955, 0.010110836371838097, 0.0042587850244201085, 0.0017820700094102026, 0.0007467617688982767, 0.00031253602389226634, 0.00013087232411835976, 5.477901001716841e-5, 2.2933987627291295e-5, 9.600078561880437e-6, 4.018952042762107e-6, 1.6823722023618035e-6, 7.042867113303995e-7, 2.948254503168806e-7, 1.2342072318028102e-7, 5.166616499489954e-8, 2.1628558325931475e-8, 9.05413231392216e-9, 3.7902464210731634e-9],
  "time_ms": [85.12306213378906, 101.54891014099121, 91.23587608337402, 95.85809707641602, 92.29421615600586, 96.37594223022461, 97.64719009399414, 102.70404815673828, 102.7839183807373, 98.90413284301758, 99.00403022766113, 98.2210636138916, 99.37310218811035, 99.4119644165039, 102.35595703125, 110.64791679382324, 100.07810592651367, 100.67296028137207, 99.09415245056152, 150.0868797302246, 148.6220359802246, 146.56615257263184, 146.56901359558105, 149.29986000061035, 147.4740505218506, 147.3221778869629, 146.64816856384277, 93.29891204833984, 92.59200096130371, 90.53802490234375]
}
