{
  "simulator": "MuJoCo-FD",
  "problem": "curling_box",
  "dt": 0.03,
  "T": 66,
  "iterations": [
    0,
    1,
    2,
    3,
    4,
    5,
    6,
    7,
    8,
    9,
    10,
    11,
    12,
    13,
    14,
    15,
    16,
    17,
    18,
    19,
    20,
    21,
    22,
    23,
    24,
    25,
    26,
    27,
    28,
    29
  ],
  "loss": [
    118.28434102923,
    18.040225008339068,
    3.3560347412886866,
    1.591148019596048,
    0.5730517522912056,
    0.25487089127967183,
    0.10248625757484402,
    0.04443026967895708,
    0.019431881053787237,
    0.007875250185293807,
    0.0002395273860388659,
    9.802298827183143e-05,
    4.011346370978857e-05,
    1.6415681063229465e-05,
    6.717743029048104e-06,
    2.7491001176381385e-06,
    1.1250089815033744e-06,
    4.6038644510055216e-07,
    1.8840323502849655e-07,
    7.710004653611858e-08,
    3.1551544748768255e-08,
    1.291180062820768e-08,
    5.283878922986204e-09,
    2.162315249871087e-09,
    8.848813995484529e-10,
    3.6211893137656795e-10,
    1.4818943902041903e-10,
    6.064339132544212e-11,
    2.4817006844700303e-11,
    1.0155838545376114e-11
  ],
  "time_ms": [
    6.0090160004619975,
    4.2379429996799445,
    4.751162001412013,
    3.9998430002015084,
    5.128270999193774,
    4.814117999558221,
    4.039682000438916,
    5.07136700070987,
    3.9398450007865904,
    3.2959179989120457,
    3.277867999713635,
    3.363345998877776,
    3.533416998834582,
    3.330854999148869,
    3.5568389994296012,
    3.2805880000523757,
    3.2019350001064595,
    3.636999999798718,
    3.2678280003892723,
    3.354118000061135,
    3.2133269996847957,
    3.3187169992743293,
    3.448543000558857,
    3.3835310005088104,
    3.2083429996419,
    3.205154000170296,
    3.1824289999349276,
    3.2736909997765906,
    3.233626999644912,
    3.234038000300643
  ]
}