{
  "simulator": "Axion",
  "problem": "curling_box",
  "dt": 0.06,
  "T": 40,
  "iterations": [
    0,
    1,
    2,
    3,
    4,
    5,
    6,
    7,
    8,
    9,
    10,
    11,
    12,
    13,
    14,
    15,
    16,
    17,
    18,
    19,
    20,
    21,
    22,
    23,
    24,
    25,
    26,
    27,
    28,
    29
  ],
  "loss": [
    75.40306091308594,
    69.13880157470703,
    62.42507553100586,
    55.1461067199707,
    47.57869338989258,
    39.915653228759766,
    32.43419647216797,
    25.256916046142578,
    18.818302154541016,
    13.286355018615723,
    8.811030387878418,
    5.417325973510742,
    3.048985004425049,
    1.5460679531097412,
    0.6837987303733826,
    0.26949748396873474,
    0.09295269846916199,
    0.024712445214390755,
    0.004758242983371019,
    0.00047848469694145024,
    6.893181421219197e-07,
    3.474075492704287e-05,
    3.767585440073162e-05,
    1.7723416021908633e-05,
    5.133665126777487e-06,
    7.88555894359888e-07,
    2.8450770628296596e-08,
    1.25447776611054e-08,
    2.5578039242191153e-08,
    1.3259372266816172e-08
  ],
  "time_ms": [
    395.72089799912646,
    77.7851129987539,
    80.23378399957437,
    73.7279770000896,
    66.1772879993805,
    67.55950599836069,
    69.83630299873766,
    71.23421200049052,
    73.1503970000631,
    74.65278199924796,
    76.02301699989766,
    77.83505899897136,
    78.71629299916094,
    79.69504399989091,
    80.90123200054222,
    81.2531690007745,
    81.99980700010201,
    81.14273300088826,
    81.02338099888584,
    81.50649299932411,
    81.36331900095684,
    81.36909699896933,
    81.07385999937833,
    81.43254000060551,
    80.90733800054295,
    81.52186799998162,
    81.07589800056303,
    81.32802499858371,
    81.17945800040616,
    81.64589700027136
  ]
}