{
  "simulator": "MJX-jacfwd",
  "problem": "curling_box",
  "dt": 0.03,
  "T": 66,
  "iterations": [
    0,
    1,
    2,
    3,
    4,
    5,
    6,
    7,
    8,
    9,
    10,
    11,
    12,
    13,
    14,
    15,
    16,
    17,
    18,
    19,
    20,
    21,
    22,
    23,
    24,
    25,
    26,
    27,
    28,
    29
  ],
  "loss": [
    118.28244018554688,
    17.43164825439453,
    6.201338768005371,
    2.9873740673065186,
    0.7294918298721313,
    0.34067222476005554,
    0.13940003514289856,
    0.05856757611036301,
    0.026469456031918526,
    0.010406799614429474,
    0.005417518317699432,
    0.001649285783059895,
    0.010558884590864182,
    0.00023250261438079178,
    0.0001825539511628449,
    2.463370401528664e-05,
    5.045836587669328e-05,
    6.727840400344576e-07,
    1.86877696251031e-05,
    1.1470904155430617e-06,
    9.433753803023137e-06,
    3.7396250718302326e-06,
    6.708492037432734e-06,
    4.833292678085854e-06,
    5.54882444703253e-06,
    5.6106077863660175e-06,
    5.55266660740017e-06,
    5.057280304754386e-06,
    6.541827588080196e-06,
    4.526679731498007e-06
  ],
  "time_ms": [
    150.87657699768897,
    21640.33872899745,
    138.626074000058,
    138.40009100022144,
    139.4643300009193,
    130.90764400112676,
    133.45845100047882,
    128.90493699887884,
    131.12695099698612,
    141.71283599716844,
    132.25435599815683,
    129.62846400114358,
    132.36244400104624,
    128.67977600035374,
    132.19458499952452,
    129.79345999701764,
    129.6506459984812,
    130.68524099799106,
    130.33814600203186,
    128.73929400302586,
    129.23267899896018,
    130.39008700070553,
    129.3632479973894,
    136.924591002753,
    131.0872379981447,
    135.75933999891276,
    130.3270770004019,
    138.1546939992404,
    131.25056799981394,
    130.43096700130263
  ]
}