{
  "simulator": "Genesis",
  "problem": "curling_box",
  "dt": 0.03,
  "T": 66,
  "iterations": [
    0,
    1,
    2,
    3,
    4,
    5,
    6,
    7,
    8,
    9,
    10,
    11,
    12,
    13,
    14,
    15,
    16,
    17,
    18,
    19,
    20,
    21,
    22,
    23,
    24,
    25,
    26,
    27,
    28,
    29
  ],
  "loss": [
    3.102538585662842,
    2.987391948699951,
    2.8487191200256348,
    2.692082166671753,
    2.5246188640594482,
    2.345268726348877,
    2.156406879425049,
    1.9607869386672974,
    1.7622934579849243,
    1.5640103816986084,
    1.3652491569519043,
    1.1753746271133423,
    0.9890466332435608,
    0.8114708662033081,
    0.6473343372344971,
    0.49757692217826843,
    0.3631519079208374,
    0.24660560488700867,
    0.15136446058750153,
    0.07764071226119995,
    0.027526622638106346,
    0.0027638000901788473,
    0.003987244796007872,
    0.03190142661333084,
    0.08745987713336945,
    0.16954798996448517,
    0.27872955799102783,
    0.4145941138267517,
    0.5727155208587646,
    0.7539743781089783
  ],
  "time_ms": [
    13527.5531269981,
    347.7760309979203,
    392.79793500099913,
    344.42476500043995,
    348.1842519977363,
    396.2081580029917,
    346.29255999971065,
    414.59644499991555,
    405.588361001719,
    344.91716300180997,
    345.1927189998969,
    396.30844299972523,
    350.01164300047094,
    348.1453889980912,
    395.3649590002897,
    342.39913300189073,
    352.3365010005364,
    389.3703959984123,
    343.58846100076335,
    388.4173719998216,
    353.40898699723766,
    341.7254409978341,
    396.16622399989865,
    340.85258900086046,
    346.71429000081844,
    401.17955000096117,
    348.88109700114,
    344.9743359997228,
    396.6884840010607,
    342.1892910009774
  ]
}