{
  "simulator": "MJX-grad",
  "problem": "curling_box",
  "dt": 0.03,
  "T": 66,
  "iterations": [
    0,
    1,
    2,
    3,
    4,
    5,
    6,
    7,
    8,
    9,
    10,
    11,
    12,
    13,
    14,
    15,
    16,
    17,
    18,
    19,
    20,
    21,
    22,
    23,
    24,
    25,
    26,
    27,
    28,
    29
  ],
  "loss": [
    118.28244018554688,
    18.089439392089844,
    3.3668699264526367,
    1.5963284969329834,
    0.574679970741272,
    0.255626380443573,
    0.10296016186475754,
    0.044645506888628006,
    0.01974860578775406,
    0.007999233901500702,
    0.0034829387441277504,
    0.0013521915534511209,
    0.009608539752662182,
    0.009210361167788506,
    0.003977711778134108,
    0.0015544540947303176,
    0.000637139892205596,
    0.009433204308152199,
    0.004134815186262131,
    0.001616302179172635,
    0.009922179393470287,
    0.009511284530162811,
    0.0040822080336511135,
    0.001597140682861209,
    0.0006460678996518254,
    0.0002636765711940825,
    0.000113056565169245,
    4.685954991145991e-05,
    1.9251025150879286e-05,
    8.314315891766455e-06
  ],
  "time_ms": [
    736.1071400009678,
    737.9146960010985,
    692.9599629984295,
    715.5174369981978,
    690.2939179999521,
    698.3155970010557,
    700.0151009997353,
    697.0285710012831,
    700.8138020028127,
    701.1173210012203,
    705.7113779992505,
    688.9918430024409,
    734.7057219994895,
    692.1210859982239,
    696.6208470003039,
    690.4940890017315,
    724.1781379998429,
    696.900208000443,
    709.1358139987278,
    695.8434710031725,
    734.3821640024544,
    691.3984830025584,
    702.0793690026039,
    694.5772119979665,
    698.855968999851,
    707.8923850021965,
    693.701879998116,
    700.0933280032768,
    693.2575120008551,
    699.3485719976889
  ]
}