{
  "simulator": "MJX-jacfwd",
  "problem": "helhest",
  "dt": 0.002,
  "T": 1500,
  "K": 10,
  "iterations": [
    0,
    1,
    2,
    3,
    4,
    5,
    6,
    7,
    8,
    9,
    10,
    11,
    12,
    13,
    14,
    15,
    16,
    17,
    18,
    19,
    20,
    21,
    22,
    23,
    24,
    25,
    26,
    27,
    28,
    29,
    30,
    31,
    32,
    33,
    34,
    35,
    36,
    37,
    38,
    39,
    40,
    41,
    42,
    43,
    44,
    45,
    46,
    47,
    48,
    49
  ],
  "loss": [
    7.675473690032959,
    6.710986137390137,
    4.775012969970703,
    3.6783642768859863,
    2.5696964263916016,
    1.8219513893127441,
    0.9023788571357727,
    0.5894043445587158,
    0.23603832721710205,
    0.04975087568163872,
    0.05539042502641678,
    0.07192382216453552,
    0.29773837327957153,
    0.36416199803352356,
    0.614732027053833,
    0.7137739062309265,
    0.5908557176589966,
    0.7643957734107971,
    0.7440038919448853,
    0.8841378092765808,
    0.5953978896141052,
    0.5730989575386047,
    0.3879692554473877,
    0.18900460004806519,
    0.2417612224817276,
    0.25807395577430725,
    0.1139383390545845,
    0.11242859810590744,
    0.04730791226029396,
    0.033327095210552216,
    0.05506960302591324,
    0.05243491381406784,
    0.09422466158866882,
    0.05291163921356201,
    0.05444817245006561,
    0.18980172276496887,
    0.07534189522266388,
    0.13855066895484924,
    0.15332293510437012,
    0.13683608174324036,
    0.12394377589225769,
    0.04506194218993187,
    0.05261056497693062,
    0.09013572335243225,
    0.031052686274051666,
    0.03737206757068634,
    0.02741740457713604,
    0.012238752096891403,
    0.011493844911456108,
    0.026184171438217163
  ],
  "time_ms": [
    5971.641426000133,
    5974.867454999185,
    5935.939516999497,
    5982.611954001186,
    5951.898995001102,
    5990.343494999252,
    6019.094453000434,
    5966.997670002456,
    5976.66745099923,
    5983.3570279988635,
    5932.255512001575,
    5933.715684997878,
    5911.807918000704,
    5908.576328998606,
    5870.964072000788,
    5894.452927001112,
    5901.096175999555,
    5884.761953002453,
    5848.679185000947,
    5890.694205998443,
    5905.579139998736,
    5899.976658998639,
    5923.252221000439,
    5947.828521999327,
    5911.764958997082,
    5947.198145000584,
    5887.138620000769,
    5908.910817001015,
    5929.119451000588,
    5904.33732299789,
    5924.46547900181,
    5914.251631998923,
    5959.944309001003,
    5914.964464001969,
    5954.2486969985475,
    5921.269772999949,
    5957.9539129990735,
    5949.860525000986,
    5954.60441799878,
    5920.575766998809,
    5926.319379002962,
    5938.411201001145,
    5966.068078003445,
    5949.7276630027045,
    5991.634475001774,
    5959.31736700004,
    5970.848646000377,
    5915.86038999958,
    5969.99993999998,
    5911.360114998388
  ]
}