{
  "simulator": "MJX",
  "problem": "helhest",
  "dt": 0.002,
  "T": 1500,
  "K": 10,
  "iterations": [
    0,
    1,
    2,
    3,
    4,
    5,
    6,
    7,
    8,
    9,
    10,
    11,
    12,
    13,
    14,
    15,
    16,
    17,
    18,
    19,
    20,
    21,
    22,
    23,
    24,
    25,
    26,
    27,
    28,
    29,
    30,
    31,
    32,
    33,
    34,
    35,
    36,
    37,
    38,
    39,
    40,
    41,
    42,
    43,
    44,
    45,
    46,
    47,
    48,
    49
  ],
  "loss": [
    8.376235008239746,
    6.832077503204346,
    5.259316444396973,
    4.1356024742126465,
    2.87326979637146,
    1.9018827676773071,
    1.1226072311401367,
    0.5519342422485352,
    0.2380352020263672,
    0.051058340817689896,
    0.018994860351085663,
    0.10462521761655807,
    0.21858574450016022,
    0.3023242652416229,
    0.32693642377853394,
    0.5149877667427063,
    0.6067929267883301,
    0.6904698610305786,
    0.5267257690429688,
    0.5629379153251648,
    0.6242086291313171,
    0.4877951741218567,
    0.7944624423980713,
    0.6107471585273743,
    0.3171549439430237,
    0.3746832609176636,
    0.1780729591846466,
    0.11179212480783463,
    0.18500474095344543,
    0.053117696195840836,
    0.06206122785806656,
    0.03969705477356911,
    0.030396953225135803,
    0.07738038897514343,
    0.08785530924797058,
    0.09901031851768494,
    0.10680674016475677,
    0.04822862893342972,
    0.07082045078277588,
    0.08861788362264633,
    0.1244923323392868,
    0.05341517925262451,
    0.09444370865821838,
    0.021223293617367744,
    0.030630534514784813,
    0.034809038043022156,
    0.026709262281656265,
    0.012163419276475906,
    0.01887565106153488,
    0.01750819757580757
  ],
  "time_ms": [
    5378.366033997736,
    5407.802999001433,
    5385.651477998181,
    5376.58881400057,
    5385.7000390016765,
    5412.7797889996145,
    5433.474533001572,
    5355.596870002046,
    5646.48436099742,
    5371.519659001933,
    5331.314431001374,
    5327.858852000645,
    5313.68527900122,
    5329.593867001677,
    5301.067936998152,
    5328.104689000611,
    5368.225472000631,
    5351.90500400131,
    5293.679719001375,
    5282.575940997049,
    5286.821624002187,
    5340.671750000183,
    5281.7325750002055,
    5337.908305002202,
    5323.836144001689,
    5320.075532999908,
    5334.202493999328,
    5307.012800996745,
    5327.404374002072,
    5290.796631001285,
    5327.221086998179,
    5316.801298999053,
    5342.644125998049,
    5345.737070001633,
    5381.429410997953,
    5330.95691699782,
    5316.67644800109,
    5343.616603000555,
    5379.565019000438,
    5323.1546959978,
    5330.655117999413,
    5404.390802999842,
    5368.783812999027,
    5348.403912001231,
    5312.092003998259,
    5321.8691920010315,
    5367.077181002969,
    5370.783402002417,
    5346.564206996845,
    5332.181623998622
  ]
}