{
  "simulator": "MuJoCo-FD",
  "problem": "helhest",
  "dt": 0.002,
  "T": 1500,
  "K": 10,
  "iterations": [
    0,
    1,
    2,
    3,
    4,
    5,
    6,
    7,
    8,
    9,
    10,
    11,
    12,
    13,
    14,
    15,
    16,
    17,
    18,
    19,
    20,
    21,
    22,
    23,
    24,
    25,
    26,
    27,
    28,
    29,
    30,
    31,
    32,
    33,
    34,
    35,
    36,
    37,
    38,
    39,
    40,
    41,
    42,
    43,
    44,
    45,
    46,
    47,
    48,
    49
  ],
  "loss": [
    8.82096907770567,
    3.4773205942848016,
    0.36977891811178804,
    0.5774579873808683,
    0.7872027788692346,
    0.37012496068595097,
    0.7295437568880504,
    0.3463399961487029,
    0.290230809866609,
    0.2861291696763942,
    0.5910309500925297,
    1.093228065477167,
    2.5542642069352186,
    2.883096315964598,
    4.8440240257222085,
    6.039179484960863,
    6.671951615492138,
    6.1863255488305,
    7.667626624474891,
    8.20427596332376,
    6.969489191618065,
    6.608612576883125,
    6.0112470110396785,
    5.61963348546991,
    3.145734860117754,
    1.0576638506718397,
    0.7227598750090861,
    0.29896652878221375,
    0.4272580780461249,
    1.4228053118109405,
    3.2942732166351174,
    6.001026995831832,
    5.450007103522635,
    8.10064320716874,
    8.752650714790375,
    9.96300541796492,
    9.624477438137884,
    11.992769895697627,
    12.753452161245429,
    12.051539569611014,
    10.875604811289556,
    12.363297542383647,
    10.481200897075983,
    10.391500864318495,
    10.415562676579619,
    9.259601386304086,
    9.024664462501491,
    8.892331378475598,
    7.90498762616018,
    7.44580897359066
  ],
  "time_ms": [
    1497.3593939976126,
    1412.6831100002164,
    1369.9849190015811,
    1359.4355210007052,
    1379.2633430020942,
    1362.7066789995297,
    1373.6126109979523,
    1371.0167549979815,
    1358.517895998375,
    1335.4989139988902,
    1341.2918579997495,
    1334.5206730009522,
    1352.1650020011293,
    1343.775164001272,
    1343.0853910031146,
    1348.7153809983283,
    1343.8943039982405,
    1338.8189899997087,
    1344.0428159992734,
    1328.4179580005002,
    1364.7064709984988,
    1339.4558330001018,
    1365.5313700000988,
    1345.8705929988355,
    1340.1191619996098,
    1306.1487209997722,
    1292.600755001331,
    1310.6488440025714,
    1283.8734530014335,
    1282.1067110016884,
    1258.6426620000566,
    1243.8467810025031,
    1254.01310399684,
    1227.0008679988678,
    1221.3129140000092,
    1218.9702150026278,
    1215.8670399985567,
    1196.3806720013963,
    1219.678790999751,
    1193.3522680010356,
    1183.4573519990954,
    1171.5637070010416,
    1155.7779100003245,
    1161.0821200010832,
    1151.5722820004157,
    1144.6403700028895,
    1136.699647999194,
    1262.589879999723,
    1194.5555279999098,
    1209.6372890009661
  ]
}