{
  "simulator": "Dojo",
  "problem": "helhest",
  "dt": 0.03,
  "T": 100,
  "K": 30,
  "iterations": [0, 1, 2, 3, 4, 5, 6, 7, 8, 9, 10, 11, 12, 13, 14, 15, 16, 17, 18, 19, 20, 21, 22, 23, 24, 25, 26, 27, 28, 29, 30, 31, 32, 33, 34, 35, 36, 37, 38, 39, 40, 41, 42, 43, 44, 45, 46, 47, 48, 49],
  "loss": [15.98397658637292, 13.259910544291348, 10.854051142013644, 8.857400704851857, 7.2867234696285905, 6.0964686602267815, 5.201618106217074, 4.553501895478714, 4.088860004008832, 3.7651738699607944, 3.5638016311537584, 3.47218738368367, 3.42268584701958, 3.3850487097635837, 3.3570478617478505, 3.3303411025647427, 3.304996365574639, 3.2702147821170864, 3.236725660122875, 3.2042424203665156, 3.171189129490774, 3.1335850728923167, 3.0952310846903446, 3.055097362562061, 3.003203635223668, 2.955121858532426, 2.9052075941822233, 2.8403359529256216, 2.7639596664255484, 2.6734807060819716, 2.5804822646820322, 2.4846157890538945, 2.394834116940031, 2.3065399104699735, 2.2178993868472623, 2.1035121079643413, 1.9937040458636022, 1.8940365557687837, 1.8001238361376923, 1.6982608198859421, 2.1625818621429063, 2.553708131705251, 2.9055081247818757, 3.1678687608144998, 3.334896905242731, 3.4237627161559825, 3.4554082269638817, 3.402336650068557, 3.352744691383129, 3.288204135252034],
  "time_ms": [1352.7851104736328, 864.3929958343506, 558.2709312438965, 519.1500186920166, 521.5048789978027, 509.43708419799805, 508.03184509277344, 518.7900066375732, 519.6969509124756, 520.5979347229004, 500.26702880859375, 522.5951671600342, 511.33203506469727, 512.0029449462891, 509.03916358947754, 538.1128787994385, 515.9890651702881, 521.3391780853271, 526.8340110778809, 520.9369659423828, 527.9381275177002, 984.3730926513672, 517.8818702697754, 513.0839347839355, 515.9580707550049, 497.8749752044678, 499.5899200439453, 508.26406478881836, 503.49998474121094, 497.11012840270996, 520.2529430389404, 525.911808013916, 524.0268707275391, 539.7968292236328, 520.9298133850098, 521.1288928985596, 781.2318801879883, 791.8050289154053, 543.4868335723877, 492.5980567932129, 976.6340255737305, 729.5398712158203, 761.0251903533936, 645.3850269317627, 507.9760551452637, 487.64705657958984, 705.7669162750244, 594.4249629974365, 627.8679370880127, 764.6069526672363]
}
