{
  "simulator": "Axion",
  "problem": "helhest",
  "dt": 0.05,
  "T": 60,
  "K": 30,
  "iterations": [
    0,
    1,
    2,
    3,
    4,
    5,
    6,
    7,
    8,
    9,
    10,
    11,
    12,
    13,
    14,
    15,
    16,
    17,
    18,
    19,
    20,
    21,
    22,
    23,
    24,
    25,
    26,
    27,
    28,
    29,
    30,
    31,
    32,
    33,
    34,
    35,
    36,
    37,
    38,
    39,
    40,
    41,
    42,
    43,
    44,
    45,
    46,
    47,
    48,
    49
  ],
  "loss": [
    6.644314765930176,
    5.931769371032715,
    5.480147361755371,
    5.071911811828613,
    4.876052379608154,
    4.444049835205078,
    3.981713056564331,
    3.676496744155884,
    3.442122459411621,
    3.236856698989868,
    3.0247085094451904,
    2.8272931575775146,
    2.628889799118042,
    2.386897325515747,
    1.9855523109436035,
    1.7093627452850342,
    1.4421740770339966,
    0.9536426663398743,
    0.7354820370674133,
    0.5525510907173157,
    0.41503024101257324,
    0.3515729308128357,
    0.25014224648475647,
    0.21099479496479034,
    0.1897994726896286,
    0.17483344674110413,
    0.15751923620700836,
    0.1292402148246765,
    0.12278009951114655,
    0.1178729310631752,
    0.10544929653406143,
    0.10082326829433441,
    0.09595198929309845,
    0.0965011939406395,
    0.09448731690645218,
    0.09004601836204529,
    0.08920147269964218,
    0.08795924484729767,
    0.08258520811796188,
    0.08648681640625,
    0.08113028109073639,
    0.0806979089975357,
    0.08461615443229675,
    0.07505109161138535,
    0.07669184356927872,
    0.0745759904384613,
    0.0760759636759758,
    0.06870385259389877,
    0.07184012234210968,
    0.06864979863166809
  ],
  "time_ms": [
    976.996011002484,
    336.1170980024326,
    335.5924559982668,
    335.50131100128056,
    334.879550999176,
    334.8012620008376,
    334.4779170001857,
    334.7551779988862,
    334.24013900003047,
    334.17042099972605,
    334.584227999585,
    334.51067799978773,
    334.5997959986562,
    334.3350190007186,
    334.24839900180814,
    334.08101300301496,
    334.2752319986175,
    334.37630200205604,
    333.81527600067784,
    333.4529990024748,
    332.98718800142524,
    332.88410299792304,
    332.58872899750713,
    332.5833250019059,
    332.5686720017984,
    332.6281400004518,
    332.1177319994604,
    332.02230900133145,
    332.08610099973157,
    332.2135900016292,
    332.00247599961585,
    332.21530800074106,
    331.9175129981886,
    332.0323450025171,
    332.1469869988505,
    332.10137400237727,
    331.7485810002836,
    332.1357819986588,
    332.2748539976601,
    332.0918889985478,
    332.08309299880057,
    332.1231690024433,
    332.033307000529,
    332.09737600191147,
    332.1078059998399,
    331.7563919990789,
    332.243822998862,
    331.8727010009752,
    331.90115400066134,
    332.0854489975318
  ]
}