{
  "simulator": "Dojo",
  "problem": "helhest",
  "dt": 0.03,
  "T": 100,
  "K": 30,
  "iterations": [0, 1, 2, 3, 4, 5, 6, 7, 8, 9, 10, 11, 12, 13, 14, 15, 16, 17, 18, 19, 20, 21, 22, 23, 24, 25, 26, 27, 28, 29, 30, 31, 32, 33, 34, 35, 36, 37, 38, 39, 40, 41, 42, 43, 44, 45, 46, 47, 48, 49],
  "loss": [15.983976489815184, 13.256214272727597, 10.87986261954053, 9.002460769255956, 7.56899765886937, 6.465057105630874, 5.624466029318212, 4.972095795773526, 4.48938043694515, 4.1320023741048075, 3.866740884131747, 3.656466143912547, 3.496009575113207, 3.4046077189573034, 3.347809074982717, 3.3012377791958314, 3.256723898638518, 3.218170551245589, 3.1856756506934465, 3.1527481422159402, 3.1356378051904352, 3.1079750837056093, 3.0738367431637257, 3.042502569359775, 3.015704787711539, 2.9935543315207442, 2.9555516120881298, 2.9189902271034343, 2.8856346124404544, 2.853156189667414, 2.8181718424218434, 2.783074522482163, 2.7461192227238937, 2.6945174032889385, 2.6396665907528054, 2.5952532837739577, 2.558839053727058, 2.520298504971621, 2.4802917011681225, 2.4387264658634993, 2.403100236130321, 2.3672337042774605, 2.3294359956559014, 2.2566874523439013, 2.203372136385699, 2.1625866494473804, 2.1288923970156977, 2.1057736934975795, 2.073825018175753, 2.037028869244541],
  "time_ms": [1703.9690017700195, 636.2111568450928, 523.6749649047852, 526.0829925537109, 517.3640251159668, 538.1460189819336, 539.1061305999756, 531.9070816040039, 529.9768447875977, 537.6160144805908, 526.9389152526855, 539.5710468292236, 525.2699851989746, 525.8009433746338, 530.2510261535645, 540.0159358978271, 527.3079872131348, 527.1708965301514, 513.0069255828857, 509.39106941223145, 523.6260890960693, 532.2210788726807, 633.7580680847168, 1795.8998680114746, 1661.985158920288, 3382.5039863586426, 3083.7769508361816, 2842.489004135132, 2337.141990661621, 1772.7298736572266, 1579.3020725250244, 1568.3350563049316, 1614.2258644104004, 1619.2331314086914, 1606.821060180664, 1572.36909866333, 1558.9189529418945, 1553.4939765930176, 1559.0088367462158, 2067.9800510406494, 1406.8851470947266, 1371.840000152588, 1779.8538208007812, 881.8221092224121, 1125.4470348358154, 1387.294054031372, 1356.6620349884033, 1824.6099948883057, 1417.5209999084473, 999.6891021728516]
}
