{
  "simulator": "Axion",
  "problem": "helhest",
  "dt": 0.07,
  "T": 50,
  "K": 30,
  "iterations": [
    0,
    1,
    2,
    3,
    4,
    5,
    6,
    7,
    8,
    9,
    10,
    11,
    12,
    13,
    14,
    15,
    16,
    17,
    18,
    19,
    20,
    21,
    22,
    23,
    24,
    25,
    26,
    27,
    28,
    29,
    30,
    31,
    32,
    33,
    34,
    35,
    36,
    37,
    38,
    39,
    40,
    41,
    42,
    43,
    44,
    45,
    46,
    47,
    48,
    49
  ],
  "loss": [
    15.784491539001465,
    14.083246231079102,
    12.318328857421875,
    10.484640121459961,
    8.953463554382324,
    7.5879950523376465,
    6.259726524353027,
    5.32029914855957,
    4.276203155517578,
    3.6880075931549072,
    2.316757917404175,
    1.790400505065918,
    1.1446614265441895,
    1.023926019668579,
    0.6902398467063904,
    0.5976347923278809,
    0.5883749723434448,
    0.5233676433563232,
    0.4956618845462799,
    0.41640037298202515,
    0.31431764364242554,
    0.3055640161037445,
    0.23365606367588043,
    0.19396823644638062,
    0.2753230631351471,
    0.1859217882156372,
    0.18880698084831238,
    0.21111281216144562,
    0.1830684244632721,
    0.15836068987846375,
    0.09693265706300735,
    0.09932838380336761,
    0.12980186939239502,
    0.16915656626224518,
    0.14325211942195892,
    0.1001225933432579,
    0.1069684848189354,
    0.11361727118492126,
    0.1116955354809761,
    0.1528453230857849,
    0.14064361155033112,
    0.13111570477485657,
    0.14398063719272614,
    0.14978542923927307,
    0.16318000853061676,
    0.15418553352355957,
    0.16754461824893951,
    0.16190800070762634,
    0.15878379344940186,
    0.16510947048664093
  ],
  "time_ms": [
    816.6939540005842,
    249.49476400070125,
    247.38480400083063,
    248.39083299957565,
    250.96068499988178,
    249.47920299928228,
    248.84659800045483,
    246.38046399923041,
    249.55668799884734,
    249.25082300069334,
    247.92187300045043,
    249.88576199939416,
    248.26652800038573,
    247.6656879989605,
    249.33931099985784,
    247.69597699923906,
    248.74051899860206,
    248.26291199860862,
    247.85433800025203,
    248.78776599871344,
    249.49549999837473,
    247.27599600009853,
    247.38235699987854,
    249.94931099899986,
    247.55404699862993,
    247.1887030005746,
    249.23723000028986,
    250.0198919988179,
    249.74295900028665,
    246.38759499976004,
    247.7919289995043,
    249.0485809994425,
    248.08605900034308,
    248.41009599913377,
    248.45655699937197,
    249.04903800052125,
    249.81561999993573,
    249.86606200036476,
    249.0460039989557,
    249.3608109998604,
    248.53402799999458,
    248.3342410014302,
    248.72441799925582,
    249.11692800014862,
    249.12005199985288,
    248.9265959993645,
    248.233614000128,
    248.2596609988832,
    248.4399110016966,
    248.2664070012106
  ]
}