{
  "simulator": "diffarticulated",
  "problem": "helhest",
  "dt": 0.05,
  "T": 60,
  "iterations": [
    0,
    1,
    2,
    3,
    4,
    5,
    6,
    7,
    8,
    9,
    10,
    11,
    12,
    13,
    14,
    15,
    16,
    17,
    18,
    19,
    20,
    21,
    22,
    23,
    24,
    25,
    26,
    27,
    28,
    29
  ],
  "loss": [
    26.227083206176758,
    60.34442138671875,
    51.60435104370117,
    57.58898162841797,
    50.75309371948242,
    49.71180725097656,
    49.21957015991211,
    48.85716247558594,
    48.76994705200195,
    48.74454879760742,
    48.73849868774414,
    48.73681640625,
    48.73626708984375,
    48.73599624633789,
    48.73579406738281,
    48.73563003540039,
    48.7354736328125,
    48.73530197143555,
    48.73515319824219,
    48.7349853515625,
    48.73482131958008,
    48.73466110229492,
    48.734500885009766,
    48.734336853027344,
    48.73418426513672,
    48.7340202331543,
    48.733863830566406,
    48.733707427978516,
    48.73353576660156,
    48.73338317871094
  ],
  "time_ms": [
    14.027811999767437,
    29.163954000978265,
    33.87255300003744,
    13.469381001414149,
    10.713126001064666,
    10.336260000258335,
    9.94413800071925,
    11.132200999782071,
    9.889708999253344,
    10.00309200026095,
    9.828104000916937,
    10.307870001270203,
    10.127657998964423,
    9.93076000122528,
    9.78648999989673,
    10.111257000971818,
    10.100027000589762,
    9.91404999876977,
    9.72152900067158,
    10.020420999353519,
    9.998141000323812,
    10.049906000858755,
    9.808442000576179,
    9.927360000801855,
    9.8422799983382,
    9.616989000278409,
    10.201261000474915,
    10.163895000005141,
    9.793725999770686,
    10.07113100058632
  ]
}