{
  "simulator": "MJX-grad",
  "problem": "helhest",
  "dt": 0.002,
  "T": 1500,
  "K": 10,
  "iterations": [
    0,
    1,
    2,
    3,
    4,
    5,
    6,
    7,
    8,
    9,
    10,
    11,
    12,
    13,
    14,
    15,
    16,
    17,
    18,
    19,
    20,
    21,
    22,
    23,
    24,
    25,
    26,
    27,
    28,
    29,
    30,
    31,
    32,
    33,
    34,
    35,
    36,
    37,
    38,
    39,
    40,
    41,
    42,
    43,
    44,
    45,
    46,
    47,
    48,
    49
  ],
  "loss": [
    8.525003433227539,
    7.262503623962402,
    5.255302906036377,
    4.344894886016846,
    2.7059547901153564,
    2.2755205631256104,
    1.5940709114074707,
    0.7216558456420898,
    0.14006595313549042,
    0.11192111670970917,
    0.023653756827116013,
    0.055804647505283356,
    0.16353662312030792,
    0.23319177329540253,
    0.3942038118839264,
    0.4353449046611786,
    0.6713008880615234,
    0.9605867862701416,
    0.7871816158294678,
    0.6127097010612488,
    0.47627976536750793,
    0.6362837553024292,
    0.363346666097641,
    0.4433384835720062,
    0.23989714682102203,
    0.2121475636959076,
    0.1927994340658188,
    0.21220844984054565,
    0.1231740191578865,
    0.051495641469955444,
    0.06057882308959961,
    0.043097734451293945,
    0.06717347353696823,
    0.04741205647587776,
    0.05822597071528435,
    0.13053104281425476,
    0.12435396015644073,
    0.12446227669715881,
    0.0864606574177742,
    0.18853026628494263,
    0.11396165192127228,
    0.1022975891828537,
    0.1157299280166626,
    0.051539383828639984,
    0.025661638006567955,
    0.018132848665118217,
    0.03963016718626022,
    0.07379218935966492,
    0.02454930543899536,
    0.015275031328201294
  ],
  "time_ms": [
    24024.160270997527,
    24261.641631997918,
    24375.943238999753,
    24311.342352000793,
    24072.14619200022,
    26207.709719998093,
    42510.66089999949,
    24183.357473000797,
    24341.321502000937,
    24410.25496399743,
    24104.072860998713,
    23964.26220599824,
    23922.302136001235,
    24072.456804002286,
    23940.633949001494,
    24000.751622999815,
    24107.42293200019,
    23901.161570000113,
    23999.03150300088,
    23876.980394001293,
    23977.555214001768,
    24198.587779999798,
    24032.425769000838,
    23947.164340999734,
    24069.186672000797,
    24131.682582003123,
    24001.490394999564,
    24192.185779000283,
    23982.778172998223,
    24077.930149996973,
    24103.291187999275,
    24310.752271001547,
    24188.69221100249,
    24146.483715001523,
    23927.315601002192,
    23941.233315999852,
    24186.242841999047,
    24178.030422997836,
    23952.439718999813,
    24095.68148299877,
    24147.46423899851,
    24164.123328999267,
    24000.652554001135,
    24167.166999002802,
    24109.909347997018,
    23989.254750002146,
    24109.7498679992,
    24129.784886998095,
    24159.239830001752,
    23987.082055999053
  ]
}