{
  "simulator": "TinyDiffSim",
  "problem": "helhest",
  "dt": 0.005,
  "T": 600,
  "K": 10,
  "iterations": [
    0,
    1,
    2,
    3,
    4,
    5,
    6,
    7,
    8,
    9,
    10,
    11,
    12,
    13,
    14,
    15,
    16,
    17,
    18,
    19,
    20,
    21,
    22,
    23,
    24,
    25,
    26,
    27,
    28,
    29,
    30,
    31,
    32,
    33,
    34,
    35,
    36,
    37,
    38,
    39,
    40,
    41,
    42,
    43,
    44,
    45,
    46,
    47,
    48,
    49
  ],
  "loss": [
    0.058713228388547305,
    0.1795657307780895,
    0.6968370961336369,
    0.13867708591747543,
    0.09861892737100822,
    0.3215558392940784,
    0.144520336334882,
    0.01850796128301411,
    0.14849865556657924,
    0.18014433472892175,
    0.05575242756287938,
    0.021153270588784447,
    0.10573786587438205,
    0.11947828099195884,
    0.043807441717563636,
    0.020506316138090747,
    0.07210798549398252,
    0.08406875259354567,
    0.0332553416233618,
    0.009040936249732588,
    0.0392670111118025,
    0.051644669131570675,
    0.018627227705458944,
    0.0021602729211629276,
    0.02643857065637957,
    0.03734887240232212,
    0.015200787118690768,
    0.0047660073315244095,
    0.02010709566602954,
    0.024327551467040135,
    0.008935286962651414,
    0.0037991349231631883,
    0.014576779537192256,
    0.01601136264192498,
    0.005165560465996131,
    0.0035593083943512107,
    0.011281973993193861,
    0.010121690453793334,
    0.002857257927015018,
    0.004326438415088193,
    0.009121944954875295,
    0.005707740187220217,
    0.001315806473386387,
    0.003972329646804942,
    0.005773903535040957,
    0.002404045176103481,
    0.0016474496117546303,
    0.004474327640123667,
    0.003834126943069133,
    0.0012224713814612202
  ],
  "time_ms": [
    956.7246260000957,
    873.6180990001685,
    857.6267299999927,
    857.5076749998516,
    864.8878169999534,
    852.6132220001728,
    851.0263159998885,
    857.5416070000301,
    845.935905000033,
    852.5882930000535,
    844.3571010000142,
    852.5755800001207,
    871.3890190001621,
    873.3295979998275,
    872.0184299997982,
    852.8532189998259,
    851.405528999976,
    856.4135030001125,
    866.1247079999157,
    859.9781380000877,
    860.7863789998191,
    859.6135579998645,
    861.2939009999536,
    849.7746049999932,
    859.7763679999844,
    856.5746570000101,
    850.4190809999272,
    862.3545239997839,
    859.605098999964,
    867.0398959998238,
    854.5967519999067,
    867.4878799999988,
    862.462800000003,
    857.8572239998721,
    862.2328769999967,
    852.5687929998185,
    890.2858339999966,
    859.4785699999647,
    849.6225860001232,
    851.2121569999636,
    853.302875000054,
    855.7430109999586,
    860.5854360000649,
    849.8498040000868,
    848.1025319999844,
    864.4790069999999,
    847.1236049999789,
    858.9108840001245,
    861.5672630000972,
    856.3489260000097
  ]
}